ID,electricity_consumption
cluster_1_2022-01-01,337.7704200000002
cluster_2_2022-01-01,541.75163
cluster_3_2022-01-01,716.5546100000004
cluster_4_2022-01-01,1079.6193999999998
cluster_1_2022-01-02,327.61806
cluster_2_2022-01-02,528.9855199999998
cluster_3_2022-01-02,736.0767400000001
cluster_4_2022-01-02,1091.83456
cluster_1_2022-01-03,402.25460000000004
cluster_2_2022-01-03,584.2310000000002
cluster_3_2022-01-03,795.5923200000002
cluster_4_2022-01-03,1205.8911299999997
cluster_1_2022-01-04,440.96770999999995
cluster_2_2022-01-04,615.7308199999998
cluster_3_2022-01-04,798.8857300000001
cluster_4_2022-01-04,1214.3260099999993
cluster_1_2022-01-05,474.7133400000001
cluster_2_2022-01-05,682.3998100000001
cluster_3_2022-01-05,896.8146099999996
cluster_4_2022-01-05,1320.4651899999994
cluster_1_2022-01-06,486.8722999999998
cluster_2_2022-01-06,742.1756200000001
cluster_3_2022-01-06,975.5118200000004
cluster_4_2022-01-06,1399.0947399999995
cluster_1_2022-01-07,464.3083500000001
cluster_2_2022-01-07,748.2348399999998
cluster_3_2022-01-07,961.3321600000004
cluster_4_2022-01-07,1383.10764
cluster_1_2022-01-08,414.41373000000044
cluster_2_2022-01-08,612.3865599999999
cluster_3_2022-01-08,851.6582899999999
cluster_4_2022-01-08,1221.2111599999998
cluster_1_2022-01-09,404.52147000000014
cluster_2_2022-01-09,602.2375800000005
cluster_3_2022-01-09,849.9807999999998
cluster_4_2022-01-09,1191.8918399999993
cluster_1_2022-01-10,480.64892999999967
cluster_2_2022-01-10,650.8955600000007
cluster_3_2022-01-10,927.9087399999999
cluster_4_2022-01-10,1376.7092500000006
cluster_1_2022-01-11,487.10246999999964
cluster_2_2022-01-11,711.5757000000007
cluster_3_2022-01-11,973.5894900000004
cluster_4_2022-01-11,1424.5866899999999
cluster_1_2022-01-12,481.39994
cluster_2_2022-01-12,747.02469
cluster_3_2022-01-12,966.11476
cluster_4_2022-01-12,1427.8320499999995
cluster_1_2022-01-13,477.83477999999974
cluster_2_2022-01-13,785.8968899999995
cluster_3_2022-01-13,950.8532300000003
cluster_4_2022-01-13,1445.9306999999985
cluster_1_2022-01-14,472.68307999999985
cluster_2_2022-01-14,752.4029599999998
cluster_3_2022-01-14,949.3173500000003
cluster_4_2022-01-14,1423.1602999999993
cluster_1_2022-01-15,487.93709999999993
cluster_2_2022-01-15,720.9727800000001
cluster_3_2022-01-15,904.104080000001
cluster_4_2022-01-15,1349.3248899999996
cluster_1_2022-01-16,413.8020299999998
cluster_2_2022-01-16,709.2529000000001
cluster_3_2022-01-16,928.98484
cluster_4_2022-01-16,1337.52639
cluster_1_2022-01-17,467.55471
cluster_2_2022-01-17,754.9049399999997
cluster_3_2022-01-17,926.2800399999999
cluster_4_2022-01-17,1396.5762600000005
cluster_1_2022-01-18,474.79491999999976
cluster_2_2022-01-18,740.9105199999998
cluster_3_2022-01-18,927.2691200000003
cluster_4_2022-01-18,1372.0781200000004
cluster_1_2022-01-19,475.8139899999999
cluster_2_2022-01-19,667.5504900000005
cluster_3_2022-01-19,952.9169099999992
cluster_4_2022-01-19,1396.5877099999989
cluster_1_2022-01-20,473.81150999999977
cluster_2_2022-01-20,694.5557999999997
cluster_3_2022-01-20,945.9139600000001
cluster_4_2022-01-20,1377.0451999999998
cluster_1_2022-01-21,477.34571999999986
cluster_2_2022-01-21,719.46869
cluster_3_2022-01-21,972.5086400000004
cluster_4_2022-01-21,1440.6301799999999
cluster_1_2022-01-22,415.64958
cluster_2_2022-01-22,721.5068599999998
cluster_3_2022-01-22,841.4379800000005
cluster_4_2022-01-22,1256.3515700000012
cluster_1_2022-01-23,405.33023000000003
cluster_2_2022-01-23,640.7203000000004
cluster_3_2022-01-23,812.48618
cluster_4_2022-01-23,1248.099620000001
cluster_1_2022-01-24,476.6610299999998
cluster_2_2022-01-24,692.54775
cluster_3_2022-01-24,949.6226300000003
cluster_4_2022-01-24,1405.7092800000005
cluster_1_2022-01-25,514.1261200000001
cluster_2_2022-01-25,715.1698999999996
cluster_3_2022-01-25,941.1527400000004
cluster_4_2022-01-25,1429.2972899999993
cluster_1_2022-01-26,477.728
cluster_2_2022-01-26,748.3869899999996
cluster_3_2022-01-26,996.6585399999999
cluster_4_2022-01-26,1458.8720699999997
cluster_1_2022-01-27,466.19649999999984
cluster_2_2022-01-27,704.3529400000001
cluster_3_2022-01-27,950.9391100000005
cluster_4_2022-01-27,1414.340009999999
cluster_1_2022-01-28,445.7512100000003
cluster_2_2022-01-28,707.3504200000002
cluster_3_2022-01-28,946.2479300000002
cluster_4_2022-01-28,1440.30558
cluster_1_2022-01-29,387.57347999999985
cluster_2_2022-01-29,635.5989500000003
cluster_3_2022-01-29,848.7041599999997
cluster_4_2022-01-29,1260.3239700000001
cluster_1_2022-01-30,394.74177
cluster_2_2022-01-30,607.8691600000003
cluster_3_2022-01-30,841.1837199999998
cluster_4_2022-01-30,1148.0659200000007
cluster_1_2022-01-31,444.9496600000003
cluster_2_2022-01-31,669.5619299999998
cluster_3_2022-01-31,924.32663
cluster_4_2022-01-31,1292.8462599999993
cluster_1_2022-02-01,472.40402
cluster_2_2022-02-01,667.5026800000003
cluster_3_2022-02-01,922.4001399999995
cluster_4_2022-02-01,1306.53519
cluster_1_2022-02-02,409.30066000000005
cluster_2_2022-02-02,613.31248
cluster_3_2022-02-02,842.8686100000002
cluster_4_2022-02-02,1258.6487699999996
cluster_1_2022-02-03,445.8317100000003
cluster_2_2022-02-03,643.5582799999997
cluster_3_2022-02-03,845.1895800000004
cluster_4_2022-02-03,1262.08142
cluster_1_2022-02-04,452.55517
cluster_2_2022-02-04,630.0223500000003
cluster_3_2022-02-04,850.6522000000006
cluster_4_2022-02-04,1259.4295799999995
cluster_1_2022-02-05,402.87863000000004
cluster_2_2022-02-05,608.7673599999999
cluster_3_2022-02-05,835.5402699999994
cluster_4_2022-02-05,1224.0808200000001
cluster_1_2022-02-06,371.75051999999994
cluster_2_2022-02-06,592.2158300000004
cluster_3_2022-02-06,809.0622399999994
cluster_4_2022-02-06,1247.8421100000005
cluster_1_2022-02-07,438.8548399999999
cluster_2_2022-02-07,642.4338299999998
cluster_3_2022-02-07,883.57523
cluster_4_2022-02-07,1299.1182
cluster_1_2022-02-08,412.7990399999998
cluster_2_2022-02-08,658.3209799999997
cluster_3_2022-02-08,906.0010799999999
cluster_4_2022-02-08,1276.55416
cluster_1_2022-02-09,414.60324999999983
cluster_2_2022-02-09,650.5169799999996
cluster_3_2022-02-09,832.8248800000005
cluster_4_2022-02-09,1294.7139199999997
cluster_1_2022-02-10,454.6119499999999
cluster_2_2022-02-10,591.9851600000002
cluster_3_2022-02-10,848.3611800000006
cluster_4_2022-02-10,1245.1330400000004
cluster_1_2022-02-11,459.24373999999983
cluster_2_2022-02-11,687.5827599999998
cluster_3_2022-02-11,880.0716399999993
cluster_4_2022-02-11,1318.03682
cluster_1_2022-02-12,420.04992000000027
cluster_2_2022-02-12,597.9940799999999
cluster_3_2022-02-12,803.7432799999999
cluster_4_2022-02-12,1229.2905900000007
cluster_1_2022-02-13,395.8990600000001
cluster_2_2022-02-13,575.65446
cluster_3_2022-02-13,749.2344999999996
cluster_4_2022-02-13,1088.5853900000006
cluster_1_2022-02-14,424.03436999999985
cluster_2_2022-02-14,613.60992
cluster_3_2022-02-14,895.2357399999997
cluster_4_2022-02-14,1222.6829099999995
cluster_1_2022-02-15,441.93300999999997
cluster_2_2022-02-15,651.02935
cluster_3_2022-02-15,870.4842199999998
cluster_4_2022-02-15,1260.6382399999993
cluster_1_2022-02-16,406.31475000000006
cluster_2_2022-02-16,603.9872
cluster_3_2022-02-16,855.0188100000003
cluster_4_2022-02-16,1183.0325599999999
cluster_1_2022-02-17,402.31707000000023
cluster_2_2022-02-17,587.6418599999997
cluster_3_2022-02-17,782.4034799999998
cluster_4_2022-02-17,1092.5807600000005
cluster_1_2022-02-18,422.30012999999997
cluster_2_2022-02-18,604.82248
cluster_3_2022-02-18,787.17571
cluster_4_2022-02-18,1062.846990000001
cluster_1_2022-02-19,396.10950000000025
cluster_2_2022-02-19,579.7873500000001
cluster_3_2022-02-19,765.1602399999999
cluster_4_2022-02-19,1075.1967899999997
cluster_1_2022-02-20,360.91888000000006
cluster_2_2022-02-20,564.8577100000003
cluster_3_2022-02-20,755.88656
cluster_4_2022-02-20,1089.7262900000003
cluster_1_2022-02-21,431.7072600000001
cluster_2_2022-02-21,648.4257200000002
cluster_3_2022-02-21,812.0404000000003
cluster_4_2022-02-21,1226.4950900000001
cluster_1_2022-02-22,413.26516
cluster_2_2022-02-22,607.6695299999999
cluster_3_2022-02-22,811.6131099999998
cluster_4_2022-02-22,1191.9770099999996
cluster_1_2022-02-23,437.3167499999999
cluster_2_2022-02-23,606.48849
cluster_3_2022-02-23,790.56458
cluster_4_2022-02-23,1186.2829399999994
cluster_1_2022-02-24,431.6847800000001
cluster_2_2022-02-24,612.4905299999996
cluster_3_2022-02-24,838.8133700000003
cluster_4_2022-02-24,1176.7444899999994
cluster_1_2022-02-25,442.15582999999975
cluster_2_2022-02-25,632.8007899999999
cluster_3_2022-02-25,886.8930899999997
cluster_4_2022-02-25,1270.2507199999993
cluster_1_2022-02-26,414.4725500000001
cluster_2_2022-02-26,592.0509099999997
cluster_3_2022-02-26,816.3037999999999
cluster_4_2022-02-26,1220.1585700000003
cluster_1_2022-02-27,378.2264499999999
cluster_2_2022-02-27,568.1198999999998
cluster_3_2022-02-27,748.8922500000002
cluster_4_2022-02-27,1212.2148100000009
cluster_1_2022-02-28,424.4114299999998
cluster_2_2022-02-28,604.5669399999998
cluster_3_2022-02-28,789.6800899999996
cluster_4_2022-02-28,1292.6148099999996
cluster_1_2022-03-01,432.12623999999994
cluster_2_2022-03-01,594.9479700000002
cluster_3_2022-03-01,843.00325
cluster_4_2022-03-01,1218.0575699999995
cluster_1_2022-03-02,410.99760000000003
cluster_2_2022-03-02,566.3768300000004
cluster_3_2022-03-02,873.1691899999998
cluster_4_2022-03-02,1229.1227099999992
cluster_1_2022-03-03,385.13413999999995
cluster_2_2022-03-03,562.51569
cluster_3_2022-03-03,894.71785
cluster_4_2022-03-03,1121.53737
cluster_1_2022-03-04,430.40297
cluster_2_2022-03-04,603.83941
cluster_3_2022-03-04,866.4195599999999
cluster_4_2022-03-04,1165.66177
cluster_1_2022-03-05,398.9884700000003
cluster_2_2022-03-05,568.2742700000001
cluster_3_2022-03-05,862.8134600000001
cluster_4_2022-03-05,1081.2394500000007
cluster_1_2022-03-06,383.8957
cluster_2_2022-03-06,560.5348399999999
cluster_3_2022-03-06,850.2743800000001
cluster_4_2022-03-06,1135.3962800000006
cluster_1_2022-03-07,444.4003099999999
cluster_2_2022-03-07,648.5019699999998
cluster_3_2022-03-07,912.6466699999999
cluster_4_2022-03-07,1296.5016500000006
cluster_1_2022-03-08,415.52760999999987
cluster_2_2022-03-08,603.8379700000004
cluster_3_2022-03-08,919.84229
cluster_4_2022-03-08,1225.9494399999996
cluster_1_2022-03-09,408.37788000000006
cluster_2_2022-03-09,563.2030800000001
cluster_3_2022-03-09,830.3028799999998
cluster_4_2022-03-09,1188.1042599999994
cluster_1_2022-03-10,380.6947000000002
cluster_2_2022-03-10,559.1120000000001
cluster_3_2022-03-10,849.5695299999998
cluster_4_2022-03-10,1136.21455
cluster_1_2022-03-11,381.86716000000007
cluster_2_2022-03-11,574.6045900000003
cluster_3_2022-03-11,849.8135799999998
cluster_4_2022-03-11,1133.3468
cluster_1_2022-03-12,342.6050199999998
cluster_2_2022-03-12,511.36130999999995
cluster_3_2022-03-12,731.2975800000002
cluster_4_2022-03-12,1010.0525299999998
cluster_1_2022-03-13,338.2171799999998
cluster_2_2022-03-13,519.84954
cluster_3_2022-03-13,737.5106400000001
cluster_4_2022-03-13,991.1798000000002
cluster_1_2022-03-14,372.75705999999997
cluster_2_2022-03-14,579.6946500000001
cluster_3_2022-03-14,777.3418699999997
cluster_4_2022-03-14,1137.4887299999994
cluster_1_2022-03-15,367.3225400000002
cluster_2_2022-03-15,542.8403599999996
cluster_3_2022-03-15,698.5451300000002
cluster_4_2022-03-15,1060.6983900000002
cluster_1_2022-03-16,354.29890000000006
cluster_2_2022-03-16,525.8045299999998
cluster_3_2022-03-16,693.33906
cluster_4_2022-03-16,989.7188000000007
cluster_1_2022-03-17,379.1637400000002
cluster_2_2022-03-17,547.6043399999995
cluster_3_2022-03-17,763.1644099999997
cluster_4_2022-03-17,1111.53071
cluster_1_2022-03-18,367.50041000000004
cluster_2_2022-03-18,563.9356700000005
cluster_3_2022-03-18,742.0865699999998
cluster_4_2022-03-18,1137.67255
cluster_1_2022-03-19,317.1746899999999
cluster_2_2022-03-19,482.50949999999983
cluster_3_2022-03-19,648.8414999999991
cluster_4_2022-03-19,948.4783400000006
cluster_1_2022-03-20,342.5451899999999
cluster_2_2022-03-20,504.33867
cluster_3_2022-03-20,671.8090500000003
cluster_4_2022-03-20,998.07509
cluster_1_2022-03-21,345.0783900000001
cluster_2_2022-03-21,532.46045
cluster_3_2022-03-21,705.48581
cluster_4_2022-03-21,1068.1735300000005
cluster_1_2022-03-22,334.55413999999996
cluster_2_2022-03-22,494.8084499999996
cluster_3_2022-03-22,750.5928200000002
cluster_4_2022-03-22,1101.4183699999996
cluster_1_2022-03-23,349.11475000000013
cluster_2_2022-03-23,515.6529199999997
cluster_3_2022-03-23,751.4868200000002
cluster_4_2022-03-23,1098.33168
cluster_1_2022-03-24,351.6643400000002
cluster_2_2022-03-24,511.7319199999997
cluster_3_2022-03-24,745.2636099999996
cluster_4_2022-03-24,1054.4000000000003
cluster_1_2022-03-25,350.2075400000002
cluster_2_2022-03-25,500.45449999999965
cluster_3_2022-03-25,732.13129
cluster_4_2022-03-25,985.5572200000004
cluster_1_2022-03-26,311.4110199999999
cluster_2_2022-03-26,463.0823299999996
cluster_3_2022-03-26,623.9406599999992
cluster_4_2022-03-26,910.6219700000005
cluster_1_2022-03-27,305.4811399999997
cluster_2_2022-03-27,455.88085999999964
cluster_3_2022-03-27,619.1353799999998
cluster_4_2022-03-27,896.7835800000004
cluster_1_2022-03-28,331.51370000000037
cluster_2_2022-03-28,474.8921299999999
cluster_3_2022-03-28,693.7624
cluster_4_2022-03-28,954.2025000000004
cluster_1_2022-03-29,325.7967500000001
cluster_2_2022-03-29,482.06363000000033
cluster_3_2022-03-29,693.7815400000003
cluster_4_2022-03-29,955.43921
cluster_1_2022-03-30,354.11263999999983
cluster_2_2022-03-30,549.3389700000001
cluster_3_2022-03-30,727.4109699999998
cluster_4_2022-03-30,1059.50865
cluster_1_2022-03-31,386.96111999999994
cluster_2_2022-03-31,597.7728300000005
cluster_3_2022-03-31,725.28633
cluster_4_2022-03-31,1156.9534199999994
cluster_1_2022-04-01,421.1544600000001
cluster_2_2022-04-01,639.9704
cluster_3_2022-04-01,802.7877299999997
cluster_4_2022-04-01,1239.8046300000005
cluster_1_2022-04-02,363.5533599999998
cluster_2_2022-04-02,581.5596800000002
cluster_3_2022-04-02,806.48697
cluster_4_2022-04-02,1252.3174800000006
cluster_1_2022-04-03,371.00610999999975
cluster_2_2022-04-03,664.2807900000003
cluster_3_2022-04-03,809.6349000000002
cluster_4_2022-04-03,1146.3396400000006
cluster_1_2022-04-04,363.77848999999975
cluster_2_2022-04-04,599.5889099999999
cluster_3_2022-04-04,762.997779999999
cluster_4_2022-04-04,1138.2901300000015
cluster_1_2022-04-05,365.41174000000007
cluster_2_2022-04-05,572.7694399999999
cluster_3_2022-04-05,757.0041799999999
cluster_4_2022-04-05,1115.1147499999995
cluster_1_2022-04-06,357.98967000000005
cluster_2_2022-04-06,546.04764
cluster_3_2022-04-06,727.4494600000002
cluster_4_2022-04-06,1035.9057999999998
cluster_1_2022-04-07,357.43648000000013
cluster_2_2022-04-07,469.62149
cluster_3_2022-04-07,717.82989
cluster_4_2022-04-07,1031.4288099999999
cluster_1_2022-04-08,387.68257
cluster_2_2022-04-08,504.11648999999966
cluster_3_2022-04-08,709.5993000000002
cluster_4_2022-04-08,1037.8928700000004
cluster_1_2022-04-09,316.24399999999974
cluster_2_2022-04-09,487.24905999999976
cluster_3_2022-04-09,668.3790400000001
cluster_4_2022-04-09,1015.98167
cluster_1_2022-04-10,311.47843999999986
cluster_2_2022-04-10,469.8156599999994
cluster_3_2022-04-10,642.0450199999998
cluster_4_2022-04-10,988.4925200000009
cluster_1_2022-04-11,324.18887000000007
cluster_2_2022-04-11,467.19781999999964
cluster_3_2022-04-11,684.6568600000002
cluster_4_2022-04-11,1023.62642
cluster_1_2022-04-12,299.74403
cluster_2_2022-04-12,450.50376000000006
cluster_3_2022-04-12,669.9554699999999
cluster_4_2022-04-12,796.5949899999995
cluster_1_2022-04-13,311.85475
cluster_2_2022-04-13,484.23587999999995
cluster_3_2022-04-13,622.79627
cluster_4_2022-04-13,808.0542399999997
cluster_1_2022-04-14,317.92764999999986
cluster_2_2022-04-14,435.0553900000001
cluster_3_2022-04-14,621.6460600000001
cluster_4_2022-04-14,808.0940699999996
cluster_1_2022-04-15,298.7421800000001
cluster_2_2022-04-15,426.31996999999996
cluster_3_2022-04-15,612.2607400000003
cluster_4_2022-04-15,797.9456799999998
cluster_1_2022-04-16,265.98973
cluster_2_2022-04-16,406.7876199999997
cluster_3_2022-04-16,558.2052399999999
cluster_4_2022-04-16,816.2768399999997
cluster_1_2022-04-17,257.73029
cluster_2_2022-04-17,385.9333199999998
cluster_3_2022-04-17,596.1054899999995
cluster_4_2022-04-17,803.4385599999998
cluster_1_2022-04-18,314.59816
cluster_2_2022-04-18,464.81711999999976
cluster_3_2022-04-18,703.1974899999998
cluster_4_2022-04-18,939.5929799999997
cluster_1_2022-04-19,326.34394999999995
cluster_2_2022-04-19,465.1208299999999
cluster_3_2022-04-19,682.5207999999998
cluster_4_2022-04-19,912.6581499999996
cluster_1_2022-04-20,314.31486
cluster_2_2022-04-20,457.76284
cluster_3_2022-04-20,674.8471299999998
cluster_4_2022-04-20,913.6862499999993
cluster_1_2022-04-21,313.8781499999999
cluster_2_2022-04-21,463.97399999999965
cluster_3_2022-04-21,670.1524799999996
cluster_4_2022-04-21,934.1162599999993
cluster_1_2022-04-22,320.67748000000006
cluster_2_2022-04-22,437.73879999999986
cluster_3_2022-04-22,660.0341399999999
cluster_4_2022-04-22,891.4001899999994
cluster_1_2022-04-23,261.12721000000005
cluster_2_2022-04-23,404.03164999999984
cluster_3_2022-04-23,625.7621099999998
cluster_4_2022-04-23,848.5243700000002
cluster_1_2022-04-24,275.33331999999984
cluster_2_2022-04-24,397.12597999999986
cluster_3_2022-04-24,606.4297499999998
cluster_4_2022-04-24,845.9106800000004
cluster_1_2022-04-25,309.88142999999997
cluster_2_2022-04-25,453.3524899999999
cluster_3_2022-04-25,641.924
cluster_4_2022-04-25,906.3658500000005
cluster_1_2022-04-26,324.0307800000001
cluster_2_2022-04-26,435.10492999999997
cluster_3_2022-04-26,631.2062400000001
cluster_4_2022-04-26,959.2543600000004
cluster_1_2022-04-27,323.7505499999998
cluster_2_2022-04-27,459.84867999999983
cluster_3_2022-04-27,650.6684499999999
cluster_4_2022-04-27,936.9978799999996
cluster_1_2022-04-28,306.30306
cluster_2_2022-04-28,456.5812599999998
cluster_3_2022-04-28,655.8588499999996
cluster_4_2022-04-28,798.58579
cluster_1_2022-04-29,309.40066999999993
cluster_2_2022-04-29,439.8450899999999
cluster_3_2022-04-29,641.2301799999999
cluster_4_2022-04-29,831.8040900000003
cluster_1_2022-04-30,276.51553
cluster_2_2022-04-30,405.96089999999975
cluster_3_2022-04-30,552.4412799999999
cluster_4_2022-04-30,808.2101699999998
cluster_1_2022-05-01,262.04605
cluster_2_2022-05-01,375.4204399999999
cluster_3_2022-05-01,586.6049299999994
cluster_4_2022-05-01,811.7735199999998
cluster_1_2022-05-02,306.43480999999997
cluster_2_2022-05-02,450.71988999999996
cluster_3_2022-05-02,644.4103200000001
cluster_4_2022-05-02,892.7860500000003
cluster_1_2022-05-03,297.54804
cluster_2_2022-05-03,446.5082299999999
cluster_3_2022-05-03,628.8018899999998
cluster_4_2022-05-03,796.4072600000003
cluster_1_2022-05-04,293.00412
cluster_2_2022-05-04,466.4631299999999
cluster_3_2022-05-04,631.5205399999999
cluster_4_2022-05-04,788.3945199999999
cluster_1_2022-05-05,304.50630000000007
cluster_2_2022-05-05,453.6088099999998
cluster_3_2022-05-05,624.5936199999996
cluster_4_2022-05-05,893.90977
cluster_1_2022-05-06,277.68289999999985
cluster_2_2022-05-06,422.56643999999994
cluster_3_2022-05-06,612.65278
cluster_4_2022-05-06,788.17378
cluster_1_2022-05-07,245.6457500000001
cluster_2_2022-05-07,364.5888699999999
cluster_3_2022-05-07,557.8714299999999
cluster_4_2022-05-07,757.95387
cluster_1_2022-05-08,231.851
cluster_2_2022-05-08,343.40759999999995
cluster_3_2022-05-08,513.5020700000003
cluster_4_2022-05-08,723.2819100000002
cluster_1_2022-05-09,267.91026
cluster_2_2022-05-09,403.5044900000001
cluster_3_2022-05-09,596.0889800000002
cluster_4_2022-05-09,771.4691499999998
cluster_1_2022-05-10,280.1344999999999
cluster_2_2022-05-10,406.04741
cluster_3_2022-05-10,606.9303500000002
cluster_4_2022-05-10,785.4762099999998
cluster_1_2022-05-11,282.43524999999994
cluster_2_2022-05-11,406.5618200000003
cluster_3_2022-05-11,611.81593
cluster_4_2022-05-11,835.4354499999998
cluster_1_2022-05-12,286.28478000000007
cluster_2_2022-05-12,418.3263799999999
cluster_3_2022-05-12,608.24931
cluster_4_2022-05-12,824.4144399999999
cluster_1_2022-05-13,277.7584599999998
cluster_2_2022-05-13,414.26237999999984
cluster_3_2022-05-13,608.2902600000001
cluster_4_2022-05-13,837.4422699999997
cluster_1_2022-05-14,256.31652000000014
cluster_2_2022-05-14,375.0407299999998
cluster_3_2022-05-14,541.2388200000006
cluster_4_2022-05-14,737.3571599999999
cluster_1_2022-05-15,230.89624
cluster_2_2022-05-15,359.65846
cluster_3_2022-05-15,502.22304999999966
cluster_4_2022-05-15,726.0573400000007
cluster_1_2022-05-16,278.35102
cluster_2_2022-05-16,423.28150999999997
cluster_3_2022-05-16,598.4225300000003
cluster_4_2022-05-16,824.5978399999999
cluster_1_2022-05-17,264.17319999999995
cluster_2_2022-05-17,431.52368
cluster_3_2022-05-17,606.1521100000002
cluster_4_2022-05-17,830.1786199999997
cluster_1_2022-05-18,264.6512699999999
cluster_2_2022-05-18,435.9306700000001
cluster_3_2022-05-18,612.11249
cluster_4_2022-05-18,837.9352200000003
cluster_1_2022-05-19,262.24198999999993
cluster_2_2022-05-19,426.46064000000007
cluster_3_2022-05-19,613.84543
cluster_4_2022-05-19,842.4655800000004
cluster_1_2022-05-20,268.2135399999999
cluster_2_2022-05-20,410.0920200000001
cluster_3_2022-05-20,611.9332299999999
cluster_4_2022-05-20,841.4532700000003
cluster_1_2022-05-21,250.9500700000002
cluster_2_2022-05-21,391.5638300000002
cluster_3_2022-05-21,548.9099500000004
cluster_4_2022-05-21,751.4675799999998
cluster_1_2022-05-22,232.47296000000003
cluster_2_2022-05-22,360.61111
cluster_3_2022-05-22,522.17336
cluster_4_2022-05-22,736.1875800000001
cluster_1_2022-05-23,283.7864099999999
cluster_2_2022-05-23,415.50383000000016
cluster_3_2022-05-23,598.3771200000003
cluster_4_2022-05-23,830.8450799999997
cluster_1_2022-05-24,305.941
cluster_2_2022-05-24,439.20538999999985
cluster_3_2022-05-24,606.1462400000001
cluster_4_2022-05-24,866.4502899999995
cluster_1_2022-05-25,305.22562999999997
cluster_2_2022-05-25,436.6829000000001
cluster_3_2022-05-25,612.9138599999999
cluster_4_2022-05-25,857.2722299999992
cluster_1_2022-05-26,282.5854999999999
cluster_2_2022-05-26,423.38142999999997
cluster_3_2022-05-26,608.3294400000002
cluster_4_2022-05-26,836.0645599999996
cluster_1_2022-05-27,273.53151999999983
cluster_2_2022-05-27,419.52092000000005
cluster_3_2022-05-27,607.4535600000003
cluster_4_2022-05-27,833.2701999999995
cluster_1_2022-05-28,254.77556999999993
cluster_2_2022-05-28,370.2345399999999
cluster_3_2022-05-28,540.4334500000004
cluster_4_2022-05-28,785.4098900000006
cluster_1_2022-05-29,267.10533000000004
cluster_2_2022-05-29,356.7091600000003
cluster_3_2022-05-29,502.4039899999996
cluster_4_2022-05-29,760.4544999999998
cluster_1_2022-05-30,302.38333
cluster_2_2022-05-30,411.0350600000001
cluster_3_2022-05-30,609.1994800000003
cluster_4_2022-05-30,895.2968299999993
cluster_1_2022-05-31,299.20749
cluster_2_2022-05-31,416.26501999999994
cluster_3_2022-05-31,605.76859
cluster_4_2022-05-31,845.1659999999996
cluster_1_2022-06-01,300.2046600000001
cluster_2_2022-06-01,421.2799399999998
cluster_3_2022-06-01,590.7127399999995
cluster_4_2022-06-01,846.7402799999996
cluster_1_2022-06-02,290.97659
cluster_2_2022-06-02,420.73073999999986
cluster_3_2022-06-02,588.23655
cluster_4_2022-06-02,859.9657799999997
cluster_1_2022-06-03,288.22854000000024
cluster_2_2022-06-03,432.03059999999977
cluster_3_2022-06-03,615.5938000000002
cluster_4_2022-06-03,854.8965699999999
cluster_1_2022-06-04,249.79029000000006
cluster_2_2022-06-04,383.8240700000001
cluster_3_2022-06-04,559.04322
cluster_4_2022-06-04,772.9231599999994
cluster_1_2022-06-05,229.28204999999997
cluster_2_2022-06-05,349.90173000000004
cluster_3_2022-06-05,523.1178799999997
cluster_4_2022-06-05,721.9608400000002
cluster_1_2022-06-06,270.06271000000004
cluster_2_2022-06-06,417.04921
cluster_3_2022-06-06,594.6242899999999
cluster_4_2022-06-06,844.83217
cluster_1_2022-06-07,288.8080000000001
cluster_2_2022-06-07,418.93276999999995
cluster_3_2022-06-07,601.63627
cluster_4_2022-06-07,850.9689999999995
cluster_1_2022-06-08,278.74840999999986
cluster_2_2022-06-08,421.40513
cluster_3_2022-06-08,598.2072799999999
cluster_4_2022-06-08,854.4799699999993
cluster_1_2022-06-09,289.47074
cluster_2_2022-06-09,419.87001999999995
cluster_3_2022-06-09,596.2550799999997
cluster_4_2022-06-09,859.7830699999994
cluster_1_2022-06-10,288.1355099999999
cluster_2_2022-06-10,424.2193199999997
cluster_3_2022-06-10,588.9810800000002
cluster_4_2022-06-10,859.2656199999998
cluster_1_2022-06-11,247.76178000000004
cluster_2_2022-06-11,391.0578300000003
cluster_3_2022-06-11,558.1424200000002
cluster_4_2022-06-11,772.0736399999994
cluster_1_2022-06-12,228.85751000000008
cluster_2_2022-06-12,363.7493799999998
cluster_3_2022-06-12,528.0640099999997
cluster_4_2022-06-12,739.7207500000005
cluster_1_2022-06-13,272.66368999999986
cluster_2_2022-06-13,430.58689999999973
cluster_3_2022-06-13,608.0379800000005
cluster_4_2022-06-13,851.7841199999997
cluster_1_2022-06-14,290.7573599999997
cluster_2_2022-06-14,445.56836999999985
cluster_3_2022-06-14,625.3696900000003
cluster_4_2022-06-14,862.9796499999998
cluster_1_2022-06-15,286.7439099999998
cluster_2_2022-06-15,452.1795199999996
cluster_3_2022-06-15,626.7860700000002
cluster_4_2022-06-15,878.6718500000004
cluster_1_2022-06-16,290.5291999999999
cluster_2_2022-06-16,453.9447899999997
cluster_3_2022-06-16,630.7321799999995
cluster_4_2022-06-16,880.5811700000006
cluster_1_2022-06-17,290.4497100000001
cluster_2_2022-06-17,466.53158000000025
cluster_3_2022-06-17,629.3540999999999
cluster_4_2022-06-17,880.6248100000008
cluster_1_2022-06-18,259.7862600000002
cluster_2_2022-06-18,412.30718000000013
cluster_3_2022-06-18,611.0015999999997
cluster_4_2022-06-18,767.4961299999995
cluster_1_2022-06-19,230.49988000000002
cluster_2_2022-06-19,369.3165899999999
cluster_3_2022-06-19,566.6367900000001
cluster_4_2022-06-19,740.5817500000006
cluster_1_2022-06-20,276.6975099999999
cluster_2_2022-06-20,431.25495999999987
cluster_3_2022-06-20,606.7880300000002
cluster_4_2022-06-20,873.3127300000001
cluster_1_2022-06-21,287.46456999999987
cluster_2_2022-06-21,422.7483299999999
cluster_3_2022-06-21,606.1508300000002
cluster_4_2022-06-21,874.1867400000004
cluster_1_2022-06-22,288.36096000000003
cluster_2_2022-06-22,421.16841000000005
cluster_3_2022-06-22,618.2209199999996
cluster_4_2022-06-22,860.2079300000004
cluster_1_2022-06-23,291.2402299999999
cluster_2_2022-06-23,437.1277100000002
cluster_3_2022-06-23,617.06669
cluster_4_2022-06-23,860.9551800000002
cluster_1_2022-06-24,287.65827999999993
cluster_2_2022-06-24,424.88606999999996
cluster_3_2022-06-24,612.3275799999998
cluster_4_2022-06-24,853.1485899999998
cluster_1_2022-06-25,246.09935999999982
cluster_2_2022-06-25,382.0386600000001
cluster_3_2022-06-25,555.3057699999999
cluster_4_2022-06-25,766.6139499999997
cluster_1_2022-06-26,227.68174
cluster_2_2022-06-26,346.01900000000006
cluster_3_2022-06-26,534.3680099999998
cluster_4_2022-06-26,728.1694800000004
cluster_1_2022-06-27,275.52021
cluster_2_2022-06-27,410.4436500000003
cluster_3_2022-06-27,607.0377300000005
cluster_4_2022-06-27,848.22997
cluster_1_2022-06-28,289.47792999999973
cluster_2_2022-06-28,420.6452899999997
cluster_3_2022-06-28,610.6858599999993
cluster_4_2022-06-28,858.1475299999995
cluster_1_2022-06-29,291.4346900000001
cluster_2_2022-06-29,432.24339999999984
cluster_3_2022-06-29,602.9545999999998
cluster_4_2022-06-29,865.7742699999998
cluster_1_2022-06-30,288.72324999999984
cluster_2_2022-06-30,407.93654000000004
cluster_3_2022-06-30,619.5617900000003
cluster_4_2022-06-30,854.6716299999996
cluster_1_2022-07-01,288.5935399999998
cluster_2_2022-07-01,423.05058999999994
cluster_3_2022-07-01,613.5987299999998
cluster_4_2022-07-01,849.5022399999995
cluster_1_2022-07-02,248.0923599999999
cluster_2_2022-07-02,389.62570000000017
cluster_3_2022-07-02,563.8481600000005
cluster_4_2022-07-02,767.9501399999995
cluster_1_2022-07-03,230.23892000000006
cluster_2_2022-07-03,368.63349999999997
cluster_3_2022-07-03,545.3532199999997
cluster_4_2022-07-03,737.8578700000003
cluster_1_2022-07-04,281.64931
cluster_2_2022-07-04,423.94738999999987
cluster_3_2022-07-04,619.5327700000001
cluster_4_2022-07-04,853.1078199999995
cluster_1_2022-07-05,290.38317999999975
cluster_2_2022-07-05,431.19625999999977
cluster_3_2022-07-05,627.2269000000003
cluster_4_2022-07-05,858.5263999999999
cluster_1_2022-07-06,289.0709299999998
cluster_2_2022-07-06,430.7422899999999
cluster_3_2022-07-06,626.6488400000004
cluster_4_2022-07-06,860.57814
cluster_1_2022-07-07,289.17817
cluster_2_2022-07-07,431.0479299999999
cluster_3_2022-07-07,624.4390800000002
cluster_4_2022-07-07,857.7462799999997
cluster_1_2022-07-08,289.0031799999999
cluster_2_2022-07-08,428.3369699999997
cluster_3_2022-07-08,626.8730400000003
cluster_4_2022-07-08,860.5046899999999
cluster_1_2022-07-09,248.4303300000001
cluster_2_2022-07-09,394.1047200000004
cluster_3_2022-07-09,567.3210700000004
cluster_4_2022-07-09,767.2269399999998
cluster_1_2022-07-10,229.38728000000003
cluster_2_2022-07-10,365.74607999999984
cluster_3_2022-07-10,547.6942100000001
cluster_4_2022-07-10,729.3427500000001
cluster_1_2022-07-11,266.5022299999999
cluster_2_2022-07-11,447.0462199999996
cluster_3_2022-07-11,628.7923600000001
cluster_4_2022-07-11,848.7065899999999
cluster_1_2022-07-12,295.43810000000025
cluster_2_2022-07-12,460.00510999999983
cluster_3_2022-07-12,640.4578599999999
cluster_4_2022-07-12,856.4135300000003
cluster_1_2022-07-13,295.16946
cluster_2_2022-07-13,456.13741999999957
cluster_3_2022-07-13,638.8008399999997
cluster_4_2022-07-13,867.7865000000006
cluster_1_2022-07-14,290.75680999999986
cluster_2_2022-07-14,460.4684699999998
cluster_3_2022-07-14,640.6365799999999
cluster_4_2022-07-14,863.0177800000004
cluster_1_2022-07-15,289.63027999999997
cluster_2_2022-07-15,452.2110599999997
cluster_3_2022-07-15,641.1406499999998
cluster_4_2022-07-15,857.8849299999997
cluster_1_2022-07-16,252.21953999999997
cluster_2_2022-07-16,412.45644000000027
cluster_3_2022-07-16,599.3420799999994
cluster_4_2022-07-16,760.7172799999998
cluster_1_2022-07-17,231.22418000000008
cluster_2_2022-07-17,373.34157999999996
cluster_3_2022-07-17,552.3035200000002
cluster_4_2022-07-17,725.5129299999998
cluster_1_2022-07-18,263.17060999999995
cluster_2_2022-07-18,449.02752999999984
cluster_3_2022-07-18,627.01707
cluster_4_2022-07-18,860.4171100000005
cluster_1_2022-07-19,298.2020500000001
cluster_2_2022-07-19,468.9868499999999
cluster_3_2022-07-19,642.7037399999998
cluster_4_2022-07-19,862.3897400000004
cluster_1_2022-07-20,292.82323
cluster_2_2022-07-20,441.4642199999999
cluster_3_2022-07-20,635.09598
cluster_4_2022-07-20,849.2815300000003
cluster_1_2022-07-21,292.62770000000006
cluster_2_2022-07-21,448.55753999999996
cluster_3_2022-07-21,642.6300899999999
cluster_4_2022-07-21,848.6495700000004
cluster_1_2022-07-22,290.7762199999999
cluster_2_2022-07-22,436.90833000000003
cluster_3_2022-07-22,637.2985100000001
cluster_4_2022-07-22,856.1680000000001
cluster_1_2022-07-23,251.80838999999997
cluster_2_2022-07-23,389.55082000000044
cluster_3_2022-07-23,575.7186300000001
cluster_4_2022-07-23,750.1652599999999
cluster_1_2022-07-24,233.20463999999996
cluster_2_2022-07-24,382.60262999999975
cluster_3_2022-07-24,559.9584299999998
cluster_4_2022-07-24,729.2548700000001
cluster_1_2022-07-25,280.96126999999996
cluster_2_2022-07-25,429.60952999999995
cluster_3_2022-07-25,625.8173700000003
cluster_4_2022-07-25,844.1164200000002
cluster_1_2022-07-26,287.1832999999999
cluster_2_2022-07-26,425.75846000000007
cluster_3_2022-07-26,631.844
cluster_4_2022-07-26,813.87302
cluster_1_2022-07-27,289.70854999999995
cluster_2_2022-07-27,426.04294000000004
cluster_3_2022-07-27,636.1158399999999
cluster_4_2022-07-27,821.4491300000003
cluster_1_2022-07-28,288.79338
cluster_2_2022-07-28,426.16369999999984
cluster_3_2022-07-28,637.1168299999999
cluster_4_2022-07-28,832.0994699999995
cluster_1_2022-07-29,289.53231000000005
cluster_2_2022-07-29,417.61859999999984
cluster_3_2022-07-29,630.7004900000002
cluster_4_2022-07-29,824.7479299999998
cluster_1_2022-07-30,249.44190999999998
cluster_2_2022-07-30,389.09556000000026
cluster_3_2022-07-30,585.2636100000004
cluster_4_2022-07-30,743.7815099999998
cluster_1_2022-07-31,230.42669000000006
cluster_2_2022-07-31,372.26802
cluster_3_2022-07-31,548.9182
cluster_4_2022-07-31,719.4090700000005
cluster_1_2022-08-01,257.44508999999994
cluster_2_2022-08-01,430.4994999999997
cluster_3_2022-08-01,615.2292500000001
cluster_4_2022-08-01,822.8010799999997
cluster_1_2022-08-02,280.1003399999999
cluster_2_2022-08-02,440.8141199999999
cluster_3_2022-08-02,616.0280800000002
cluster_4_2022-08-02,811.1800300000001
cluster_1_2022-08-03,280.5698100000001
cluster_2_2022-08-03,442.67459000000025
cluster_3_2022-08-03,613.8458800000003
cluster_4_2022-08-03,778.8925600000002
cluster_1_2022-08-04,269.98767999999984
cluster_2_2022-08-04,430.2724100000001
cluster_3_2022-08-04,607.2749800000004
cluster_4_2022-08-04,774.3307100000004
cluster_1_2022-08-05,262.89531
cluster_2_2022-08-05,418.5318499999999
cluster_3_2022-08-05,600.9689900000001
cluster_4_2022-08-05,767.9312899999999
cluster_1_2022-08-06,238.2219400000001
cluster_2_2022-08-06,392.5419900000002
cluster_3_2022-08-06,593.2496699999999
cluster_4_2022-08-06,726.5833699999997
cluster_1_2022-08-07,226.05879000000002
cluster_2_2022-08-07,359.3589499999999
cluster_3_2022-08-07,541.02759
cluster_4_2022-08-07,698.5532499999998
cluster_1_2022-08-08,248.46515999999986
cluster_2_2022-08-08,416.6909799999999
cluster_3_2022-08-08,598.6848900000001
cluster_4_2022-08-08,747.4377
cluster_1_2022-08-09,267.3751699999999
cluster_2_2022-08-09,424.77721000000014
cluster_3_2022-08-09,600.6872800000001
cluster_4_2022-08-09,763.8433000000005
cluster_1_2022-08-10,271.2766800000001
cluster_2_2022-08-10,428.74601
cluster_3_2022-08-10,602.7122900000003
cluster_4_2022-08-10,770.22314
cluster_1_2022-08-11,271.08855
cluster_2_2022-08-11,427.5703199999999
cluster_3_2022-08-11,610.2880900000001
cluster_4_2022-08-11,773.6155100000003
cluster_1_2022-08-12,270.73203
cluster_2_2022-08-12,428.9253799999999
cluster_3_2022-08-12,609.7565300000001
cluster_4_2022-08-12,770.7411599999999
cluster_1_2022-08-13,250.55090000000004
cluster_2_2022-08-13,405.82732000000027
cluster_3_2022-08-13,580.1621999999998
cluster_4_2022-08-13,730.4461099999996
cluster_1_2022-08-14,226.53657999999993
cluster_2_2022-08-14,363.40028
cluster_3_2022-08-14,541.2490900000003
cluster_4_2022-08-14,675.7886500000001
cluster_1_2022-08-15,250.78327
cluster_2_2022-08-15,407.1018500000001
cluster_3_2022-08-15,598.1830099999996
cluster_4_2022-08-15,734.4878699999997
cluster_1_2022-08-16,256.98587999999984
cluster_2_2022-08-16,417.99225000000035
cluster_3_2022-08-16,602.2566199999997
cluster_4_2022-08-16,750.1696400000005
cluster_1_2022-08-17,259.43856
cluster_2_2022-08-17,400.29977999999994
cluster_3_2022-08-17,598.6098400000002
cluster_4_2022-08-17,747.8041799999999
cluster_1_2022-08-18,265.8075399999999
cluster_2_2022-08-18,400.53033000000005
cluster_3_2022-08-18,602.3680300000008
cluster_4_2022-08-18,747.3517899999999
cluster_1_2022-08-19,268.03242000000006
cluster_2_2022-08-19,405.65677000000005
cluster_3_2022-08-19,601.3756400000004
cluster_4_2022-08-19,748.2997000000001
cluster_1_2022-08-20,239.43150999999995
cluster_2_2022-08-20,384.91821000000004
cluster_3_2022-08-20,566.2271400000001
cluster_4_2022-08-20,718.2198599999997
cluster_1_2022-08-21,226.66624000000013
cluster_2_2022-08-21,359.60482999999994
cluster_3_2022-08-21,531.6469599999999
cluster_4_2022-08-21,687.4206599999999
cluster_1_2022-08-22,274.23786000000007
cluster_2_2022-08-22,410.7833800000002
cluster_3_2022-08-22,607.5300800000003
cluster_4_2022-08-22,764.8105999999997
cluster_1_2022-08-23,282.02341999999993
cluster_2_2022-08-23,429.97604
cluster_3_2022-08-23,619.2079800000002
cluster_4_2022-08-23,777.3305999999998
cluster_1_2022-08-24,287.1248999999998
cluster_2_2022-08-24,436.30823999999984
cluster_3_2022-08-24,620.8594900000004
cluster_4_2022-08-24,791.6937099999999
cluster_1_2022-08-25,289.26410999999996
cluster_2_2022-08-25,432.58132000000006
cluster_3_2022-08-25,619.9088900000005
cluster_4_2022-08-25,797.3923499999996
cluster_1_2022-08-26,290.04492999999997
cluster_2_2022-08-26,432.78232999999994
cluster_3_2022-08-26,619.6943400000001
cluster_4_2022-08-26,813.2050399999996
cluster_1_2022-08-27,247.33831999999995
cluster_2_2022-08-27,387.97151000000014
cluster_3_2022-08-27,566.90068
cluster_4_2022-08-27,732.732
cluster_1_2022-08-28,230.46276000000006
cluster_2_2022-08-28,365.29264999999987
cluster_3_2022-08-28,542.70573
cluster_4_2022-08-28,712.8126599999997
cluster_1_2022-08-29,285.57286999999997
cluster_2_2022-08-29,433.4199100000001
cluster_3_2022-08-29,618.3769800000009
cluster_4_2022-08-29,821.56126
cluster_1_2022-08-30,291.7595400000001
cluster_2_2022-08-30,436.468
cluster_3_2022-08-30,623.2328700000003
cluster_4_2022-08-30,822.3894499999998
cluster_1_2022-08-31,292.63377999999994
cluster_2_2022-08-31,432.67548000000005
cluster_3_2022-08-31,621.9551800000005
cluster_4_2022-08-31,835.6893799999995
cluster_1_2022-09-01,293.7808399999999
cluster_2_2022-09-01,435.82511999999997
cluster_3_2022-09-01,623.3443400000001
cluster_4_2022-09-01,852.6228499999994
cluster_1_2022-09-02,291.27405
cluster_2_2022-09-02,433.2654099999997
cluster_3_2022-09-02,621.4888700000006
cluster_4_2022-09-02,850.4328600000003
cluster_1_2022-09-03,250.2330399999999
cluster_2_2022-09-03,380.3178
cluster_3_2022-09-03,563.3122500000002
cluster_4_2022-09-03,764.0192500000002
cluster_1_2022-09-04,234.3317400000001
cluster_2_2022-09-04,361.8264999999998
cluster_3_2022-09-04,541.6158700000001
cluster_4_2022-09-04,735.5757400000006
cluster_1_2022-09-05,287.07314999999994
cluster_2_2022-09-05,431.8399000000003
cluster_3_2022-09-05,612.8990400000008
cluster_4_2022-09-05,859.7076899999996
cluster_1_2022-09-06,295.1502899999999
cluster_2_2022-09-06,438.20908999999983
cluster_3_2022-09-06,623.9218100000004
cluster_4_2022-09-06,871.4234099999999
cluster_1_2022-09-07,294.49105000000003
cluster_2_2022-09-07,433.03876999999994
cluster_3_2022-09-07,624.8545300000005
cluster_4_2022-09-07,868.8413499999997
cluster_1_2022-09-08,294.56129
cluster_2_2022-09-08,429.48672999999985
cluster_3_2022-09-08,617.4078300000004
cluster_4_2022-09-08,863.5250499999996
cluster_1_2022-09-09,291.32060000000007
cluster_2_2022-09-09,425.6941199999998
cluster_3_2022-09-09,619.0123700000005
cluster_4_2022-09-09,864.43787
cluster_1_2022-09-10,247.75125999999986
cluster_2_2022-09-10,378.20628999999974
cluster_3_2022-09-10,563.17879
cluster_4_2022-09-10,770.3520499999994
cluster_1_2022-09-11,232.96330999999992
cluster_2_2022-09-11,362.0904399999998
cluster_3_2022-09-11,536.0975699999998
cluster_4_2022-09-11,738.2754800000006
cluster_1_2022-09-12,286.12209000000007
cluster_2_2022-09-12,430.7573199999999
cluster_3_2022-09-12,618.7199200000005
cluster_4_2022-09-12,865.07644
cluster_1_2022-09-13,296.2646399999999
cluster_2_2022-09-13,433.6148999999998
cluster_3_2022-09-13,620.4674400000005
cluster_4_2022-09-13,872.6021699999993
cluster_1_2022-09-14,296.36745999999994
cluster_2_2022-09-14,433.2702899999998
cluster_3_2022-09-14,626.2962900000006
cluster_4_2022-09-14,876.6420499999996
cluster_1_2022-09-15,295.77468000000005
cluster_2_2022-09-15,431.4642800000001
cluster_3_2022-09-15,625.6523900000004
cluster_4_2022-09-15,868.96466
cluster_1_2022-09-16,305.1531500000001
cluster_2_2022-09-16,423.9349100000003
cluster_3_2022-09-16,617.1101500000003
cluster_4_2022-09-16,867.8369900000002
cluster_1_2022-09-17,273.11992000000015
cluster_2_2022-09-17,392.95791999999994
cluster_3_2022-09-17,575.1371499999998
cluster_4_2022-09-17,858.7339499999999
cluster_1_2022-09-18,259.37461
cluster_2_2022-09-18,366.66342
cluster_3_2022-09-18,533.13802
cluster_4_2022-09-18,835.7584099999997
cluster_1_2022-09-19,308.69153999999986
cluster_2_2022-09-19,418.71441000000016
cluster_3_2022-09-19,600.7921700000004
cluster_4_2022-09-19,901.7724000000001
cluster_1_2022-09-20,308.2530299999999
cluster_2_2022-09-20,424.27935000000014
cluster_3_2022-09-20,613.8248499999999
cluster_4_2022-09-20,914.13199
cluster_1_2022-09-21,307.2040500000003
cluster_2_2022-09-21,425.33313999999984
cluster_3_2022-09-21,617.5306199999999
cluster_4_2022-09-21,908.7382600000002
cluster_1_2022-09-22,302.08017000000024
cluster_2_2022-09-22,427.1700399999999
cluster_3_2022-09-22,620.8368599999995
cluster_4_2022-09-22,919.9315100000002
cluster_1_2022-09-23,309.6133600000001
cluster_2_2022-09-23,424.5834100000001
cluster_3_2022-09-23,619.13271
cluster_4_2022-09-23,872.9416100000003
cluster_1_2022-09-24,260.2642599999999
cluster_2_2022-09-24,376.74051999999995
cluster_3_2022-09-24,585.7804500000001
cluster_4_2022-09-24,781.9511899999994
cluster_1_2022-09-25,256.4974300000001
cluster_2_2022-09-25,375.69483999999983
cluster_3_2022-09-25,540.3107800000005
cluster_4_2022-09-25,808.2432399999994
cluster_1_2022-09-26,312.24057999999997
cluster_2_2022-09-26,436.9222499999999
cluster_3_2022-09-26,604.2852800000005
cluster_4_2022-09-26,925.9561099999999
cluster_1_2022-09-27,310.8461000000001
cluster_2_2022-09-27,455.6065600000001
cluster_3_2022-09-27,617.2566000000006
cluster_4_2022-09-27,935.4097700000005
cluster_1_2022-09-28,315.0482300000001
cluster_2_2022-09-28,456.5943499999999
cluster_3_2022-09-28,622.1460300000006
cluster_4_2022-09-28,912.3733699999998
cluster_1_2022-09-29,315.5904400000001
cluster_2_2022-09-29,492.26972
cluster_3_2022-09-29,669.4964299999998
cluster_4_2022-09-29,1017.7988099999997
cluster_1_2022-09-30,323.09123000000017
cluster_2_2022-09-30,452.0256399999999
cluster_3_2022-09-30,673.2217700000001
cluster_4_2022-09-30,978.6235799999998
cluster_1_2022-10-01,265.75392999999997
cluster_2_2022-10-01,378.31585999999965
cluster_3_2022-10-01,622.3112900000003
cluster_4_2022-10-01,893.4867300000002
cluster_1_2022-10-02,264.3499200000001
cluster_2_2022-10-02,367.1358900000001
cluster_3_2022-10-02,543.23707
cluster_4_2022-10-02,776.7115900000005
cluster_1_2022-10-03,316.2212999999999
cluster_2_2022-10-03,435.64417000000003
cluster_3_2022-10-03,628.7598900000007
cluster_4_2022-10-03,940.4074200000007
cluster_1_2022-10-04,313.72044999999997
cluster_2_2022-10-04,447.02154999999993
cluster_3_2022-10-04,635.1199100000006
cluster_4_2022-10-04,951.1723400000006
cluster_1_2022-10-05,314.24353000000013
cluster_2_2022-10-05,445.87159999999994
cluster_3_2022-10-05,639.6434000000006
cluster_4_2022-10-05,948.3385499999997
cluster_1_2022-10-06,314.12055999999984
cluster_2_2022-10-06,454.8894599999999
cluster_3_2022-10-06,653.9934900000003
cluster_4_2022-10-06,942.201340000001
cluster_1_2022-10-07,316.43176000000017
cluster_2_2022-10-07,456.40370999999993
cluster_3_2022-10-07,649.6090700000004
cluster_4_2022-10-07,951.4560000000002
cluster_1_2022-10-08,274.37338999999986
cluster_2_2022-10-08,392.1848399999999
cluster_3_2022-10-08,590.23776
cluster_4_2022-10-08,861.6838300000002
cluster_1_2022-10-09,256.7887699999999
cluster_2_2022-10-09,375.08766999999995
cluster_3_2022-10-09,546.81402
cluster_4_2022-10-09,855.6206099999998
cluster_1_2022-10-10,317.91113999999993
cluster_2_2022-10-10,456.20871999999974
cluster_3_2022-10-10,649.8517800000003
cluster_4_2022-10-10,947.4163900000002
cluster_1_2022-10-11,322.8464800000001
cluster_2_2022-10-11,457.44980000000004
cluster_3_2022-10-11,655.95468
cluster_4_2022-10-11,946.6669300000001
cluster_1_2022-10-12,320.96503
cluster_2_2022-10-12,458.00609
cluster_3_2022-10-12,654.0186900000001
cluster_4_2022-10-12,971.5160100000004
cluster_1_2022-10-13,329.3413999999999
cluster_2_2022-10-13,461.57210000000015
cluster_3_2022-10-13,655.8860900000004
cluster_4_2022-10-13,942.9073800000007
cluster_1_2022-10-14,333.93831999999986
cluster_2_2022-10-14,462.61914999999993
cluster_3_2022-10-14,653.0365200000002
cluster_4_2022-10-14,949.0252700000009
cluster_1_2022-10-15,268.59822999999994
cluster_2_2022-10-15,388.58456999999987
cluster_3_2022-10-15,579.2477800000003
cluster_4_2022-10-15,803.7778699999998
cluster_1_2022-10-16,262.8414100000001
cluster_2_2022-10-16,393.09726999999975
cluster_3_2022-10-16,542.5928099999998
cluster_4_2022-10-16,775.92395
cluster_1_2022-10-17,320.2033899999999
cluster_2_2022-10-17,461.1385099999997
cluster_3_2022-10-17,649.2959100000003
cluster_4_2022-10-17,946.24653
cluster_1_2022-10-18,319.78469999999976
cluster_2_2022-10-18,453.3544000000004
cluster_3_2022-10-18,652.5616700000002
cluster_4_2022-10-18,949.1724099999999
cluster_1_2022-10-19,315.50061999999974
cluster_2_2022-10-19,456.0614100000002
cluster_3_2022-10-19,653.4398000000002
cluster_4_2022-10-19,950.5445999999997
cluster_1_2022-10-20,319.78306999999995
cluster_2_2022-10-20,454.15855000000005
cluster_3_2022-10-20,653.29855
cluster_4_2022-10-20,951.0520999999999
cluster_1_2022-10-21,330.9579599999998
cluster_2_2022-10-21,456.70795000000015
cluster_3_2022-10-21,655.3757999999999
cluster_4_2022-10-21,953.4215899999998
cluster_1_2022-10-22,283.4697799999997
cluster_2_2022-10-22,395.85182000000003
cluster_3_2022-10-22,583.6310100000002
cluster_4_2022-10-22,808.00037
cluster_1_2022-10-23,260.97149000000013
cluster_2_2022-10-23,392.7355000000001
cluster_3_2022-10-23,551.3144199999998
cluster_4_2022-10-23,785.94365
cluster_1_2022-10-24,333.38554999999974
cluster_2_2022-10-24,470.36319000000003
cluster_3_2022-10-24,660.2205900000001
cluster_4_2022-10-24,959.3185499999998
cluster_1_2022-10-25,337.3635899999999
cluster_2_2022-10-25,471.25794000000025
cluster_3_2022-10-25,666.08766
cluster_4_2022-10-25,962.9756200000004
cluster_1_2022-10-26,334.7469299999997
cluster_2_2022-10-26,475.33877000000007
cluster_3_2022-10-26,672.6115300000002
cluster_4_2022-10-26,961.39421
cluster_1_2022-10-27,331.7518099999998
cluster_2_2022-10-27,471.6451200000002
cluster_3_2022-10-27,674.9162200000003
cluster_4_2022-10-27,956.4935000000004
cluster_1_2022-10-28,333.2777499999998
cluster_2_2022-10-28,470.49709000000024
cluster_3_2022-10-28,671.2053300000001
cluster_4_2022-10-28,954.6227799999999
cluster_1_2022-10-29,284.51003999999966
cluster_2_2022-10-29,396.21123
cluster_3_2022-10-29,588.9559600000002
cluster_4_2022-10-29,808.9341100000003
cluster_1_2022-10-30,271.88692000000015
cluster_2_2022-10-30,401.04305999999974
cluster_3_2022-10-30,566.0201300000001
cluster_4_2022-10-30,793.7836600000003
cluster_1_2022-10-31,334.0884800000001
cluster_2_2022-10-31,466.92184000000015
cluster_3_2022-10-31,673.2224699999999
cluster_4_2022-10-31,958.9443100000003
cluster_1_2022-11-01,336.02035
cluster_2_2022-11-01,476.4690700000002
cluster_3_2022-11-01,675.1460700000002
cluster_4_2022-11-01,954.7773500000003
cluster_1_2022-11-02,339.6664499999999
cluster_2_2022-11-02,480.1450099999999
cluster_3_2022-11-02,684.34531
cluster_4_2022-11-02,989.8499399999995
cluster_1_2022-11-03,351.6617300000001
cluster_2_2022-11-03,491.5369800000002
cluster_3_2022-11-03,678.0915599999998
cluster_4_2022-11-03,1022.7156699999998
cluster_1_2022-11-04,372.2452599999999
cluster_2_2022-11-04,533.9813500000001
cluster_3_2022-11-04,728.7870000000003
cluster_4_2022-11-04,1043.1500399999995
cluster_1_2022-11-05,349.32831000000004
cluster_2_2022-11-05,496.0076899999997
cluster_3_2022-11-05,685.2810900000001
cluster_4_2022-11-05,1010.7838700000002
cluster_1_2022-11-06,328.11693000000014
cluster_2_2022-11-06,458.6441900000003
cluster_3_2022-11-06,664.4184600000002
cluster_4_2022-11-06,1015.04791
cluster_1_2022-11-07,343.78698
cluster_2_2022-11-07,501.8604199999999
cluster_3_2022-11-07,702.9935099999998
cluster_4_2022-11-07,1028.8602599999997
cluster_1_2022-11-08,342.63053999999994
cluster_2_2022-11-08,478.2015600000002
cluster_3_2022-11-08,683.1417300000003
cluster_4_2022-11-08,1018.1340699999994
cluster_1_2022-11-09,344.6013500000001
cluster_2_2022-11-09,494.93069000000025
cluster_3_2022-11-09,692.1984199999997
cluster_4_2022-11-09,1000.2376799999993
cluster_1_2022-11-10,351.63942999999995
cluster_2_2022-11-10,505.1960899999999
cluster_3_2022-11-10,684.3984100000001
cluster_4_2022-11-10,1036.2040199999997
cluster_1_2022-11-11,363.6574299999998
cluster_2_2022-11-11,485.3768899999999
cluster_3_2022-11-11,677.2030600000002
cluster_4_2022-11-11,1036.77697
cluster_1_2022-11-12,317.3809499999999
cluster_2_2022-11-12,441.5570699999998
cluster_3_2022-11-12,635.8212700000007
cluster_4_2022-11-12,953.0768600000004
cluster_1_2022-11-13,314.39734999999996
cluster_2_2022-11-13,446.5246400000002
cluster_3_2022-11-13,644.6772000000004
cluster_4_2022-11-13,998.4288100000003
cluster_1_2022-11-14,385.57069999999993
cluster_2_2022-11-14,522.2098700000003
cluster_3_2022-11-14,769.5141899999998
cluster_4_2022-11-14,1043.5854299999996
cluster_1_2022-11-15,378.98400000000004
cluster_2_2022-11-15,520.3533000000002
cluster_3_2022-11-15,727.34914
cluster_4_2022-11-15,1044.55182
cluster_1_2022-11-16,374.75205
cluster_2_2022-11-16,515.0879399999999
cluster_3_2022-11-16,716.1637500000003
cluster_4_2022-11-16,1049.39364
cluster_1_2022-11-17,380.23865
cluster_2_2022-11-17,520.2524500000003
cluster_3_2022-11-17,703.9250400000004
cluster_4_2022-11-17,1048.1826100000003
cluster_1_2022-11-18,393.08039
cluster_2_2022-11-18,571.8286300000004
cluster_3_2022-11-18,765.2440600000003
cluster_4_2022-11-18,1134.64476
cluster_1_2022-11-19,359.8999299999999
cluster_2_2022-11-19,561.5125800000001
cluster_3_2022-11-19,756.0577400000001
cluster_4_2022-11-19,1080.1727500000006
cluster_1_2022-11-20,350.95071000000013
cluster_2_2022-11-20,549.1060899999999
cluster_3_2022-11-20,734.1407800000001
cluster_4_2022-11-20,1060.84326
cluster_1_2022-11-21,416.96684999999997
cluster_2_2022-11-21,593.5017900000001
cluster_3_2022-11-21,792.4196499999999
cluster_4_2022-11-21,1198.4390699999997
cluster_1_2022-11-22,427.64115000000004
cluster_2_2022-11-22,615.0941800000002
cluster_3_2022-11-22,831.4232200000002
cluster_4_2022-11-22,1151.6662100000003
cluster_1_2022-11-23,417.6827399999999
cluster_2_2022-11-23,593.9602300000003
cluster_3_2022-11-23,806.0909200000004
cluster_4_2022-11-23,1210.58181
cluster_1_2022-11-24,389.52173999999997
cluster_2_2022-11-24,544.2658900000001
cluster_3_2022-11-24,790.35222
cluster_4_2022-11-24,1139.77104
cluster_1_2022-11-25,389.37305999999995
cluster_2_2022-11-25,585.8935000000001
cluster_3_2022-11-25,794.8547200000003
cluster_4_2022-11-25,1168.9978999999994
cluster_1_2022-11-26,368.9387999999996
cluster_2_2022-11-26,555.8933600000001
cluster_3_2022-11-26,757.6616700000002
cluster_4_2022-11-26,1115.3569000000005
cluster_1_2022-11-27,359.5149900000001
cluster_2_2022-11-27,529.4430199999999
cluster_3_2022-11-27,746.81153
cluster_4_2022-11-27,1101.6999800000003
cluster_1_2022-11-28,396.5823200000002
cluster_2_2022-11-28,585.7636300000001
cluster_3_2022-11-28,835.0921900000001
cluster_4_2022-11-28,1159.8590900000002
cluster_1_2022-11-29,400.1688699999998
cluster_2_2022-11-29,630.6723799999999
cluster_3_2022-11-29,817.0454000000004
cluster_4_2022-11-29,1189.6832600000002
cluster_1_2022-11-30,422.4421
cluster_2_2022-11-30,666.1161400000002
cluster_3_2022-11-30,856.1065200000003
cluster_4_2022-11-30,1227.8490199999999
cluster_1_2022-12-01,470.94936999999993
cluster_2_2022-12-01,680.1783100000002
cluster_3_2022-12-01,900.8792899999994
cluster_4_2022-12-01,1262.9248100000007
cluster_1_2022-12-02,476.47243
cluster_2_2022-12-02,701.8593699999999
cluster_3_2022-12-02,881.4118100000001
cluster_4_2022-12-02,1298.4694299999999
cluster_1_2022-12-03,434.01620000000025
cluster_2_2022-12-03,630.3037099999997
cluster_3_2022-12-03,844.1690899999998
cluster_4_2022-12-03,1201.4844300000002
cluster_1_2022-12-04,427.01804999999985
cluster_2_2022-12-04,609.9914300000004
cluster_3_2022-12-04,819.6643899999997
cluster_4_2022-12-04,1215.2840000000003
cluster_1_2022-12-05,466.1630999999998
cluster_2_2022-12-05,672.74769
cluster_3_2022-12-05,867.6459899999995
cluster_4_2022-12-05,1329.6101200000003
cluster_1_2022-12-06,472.04949999999974
cluster_2_2022-12-06,649.0170500000002
cluster_3_2022-12-06,870.2196600000002
cluster_4_2022-12-06,1333.5050799999997
cluster_1_2022-12-07,470.7530599999998
cluster_2_2022-12-07,659.4866700000001
cluster_3_2022-12-07,949.3181100000003
cluster_4_2022-12-07,1343.35288
cluster_1_2022-12-08,477.35166
cluster_2_2022-12-08,695.94049
cluster_3_2022-12-08,924.2050700000003
cluster_4_2022-12-08,1325.2492000000002
cluster_1_2022-12-09,477.5410800000001
cluster_2_2022-12-09,692.1554900000001
cluster_3_2022-12-09,893.7499999999994
cluster_4_2022-12-09,1368.115
cluster_1_2022-12-10,456.44267999999994
cluster_2_2022-12-10,650.2271499999999
cluster_3_2022-12-10,857.43348
cluster_4_2022-12-10,1311.1381800000004
cluster_1_2022-12-11,449.91967999999986
cluster_2_2022-12-11,709.0426100000005
cluster_3_2022-12-11,928.4473100000002
cluster_4_2022-12-11,1439.9189999999999
cluster_1_2022-12-12,502.98878999999977
cluster_2_2022-12-12,713.4750899999993
cluster_3_2022-12-12,954.8370200000005
cluster_4_2022-12-12,1508.5998500000005
cluster_1_2022-12-13,520.2802599999997
cluster_2_2022-12-13,692.2712000000002
cluster_3_2022-12-13,979.7831199999996
cluster_4_2022-12-13,1422.09376
cluster_1_2022-12-14,499.8437000000002
cluster_2_2022-12-14,651.2157500000003
cluster_3_2022-12-14,872.7586799999995
cluster_4_2022-12-14,1321.0512699999992
cluster_1_2022-12-15,504.91468999999984
cluster_2_2022-12-15,705.97935
cluster_3_2022-12-15,865.84719
cluster_4_2022-12-15,1299.8376299999984
cluster_1_2022-12-16,489.44196999999986
cluster_2_2022-12-16,698.7555500000003
cluster_3_2022-12-16,969.4922299999998
cluster_4_2022-12-16,1375.0815799999991
cluster_1_2022-12-17,510.20615999999944
cluster_2_2022-12-17,684.46281
cluster_3_2022-12-17,924.7457899999995
cluster_4_2022-12-17,1444.7840899999999
cluster_1_2022-12-18,467.58296999999976
cluster_2_2022-12-18,637.5790600000001
cluster_3_2022-12-18,885.1843900000002
cluster_4_2022-12-18,1292.2916099999998
cluster_1_2022-12-19,398.99151
cluster_2_2022-12-19,585.8773499999999
cluster_3_2022-12-19,833.0466299999997
cluster_4_2022-12-19,1118.0368199999994
cluster_1_2022-12-20,384.62226000000004
cluster_2_2022-12-20,537.2068700000003
cluster_3_2022-12-20,786.69694
cluster_4_2022-12-20,1077.6413500000006
cluster_1_2022-12-21,417.0433300000002
cluster_2_2022-12-21,544.5824000000001
cluster_3_2022-12-21,761.19958
cluster_4_2022-12-21,1044.3766700000006
cluster_1_2022-12-22,385.2256399999998
cluster_2_2022-12-22,528.4134900000003
cluster_3_2022-12-22,756.5306899999999
cluster_4_2022-12-22,1062.7425100000005
cluster_1_2022-12-23,375.1753699999999
cluster_2_2022-12-23,532.6919800000004
cluster_3_2022-12-23,743.4099499999996
cluster_4_2022-12-23,1054.1991700000005
cluster_1_2022-12-24,354.0954400000002
cluster_2_2022-12-24,505.04433000000006
cluster_3_2022-12-24,695.9488000000003
cluster_4_2022-12-24,1025.0046100000004
cluster_1_2022-12-25,349.64174000000014
cluster_2_2022-12-25,503.22592000000003
cluster_3_2022-12-25,703.9857000000004
cluster_4_2022-12-25,1009.8898700000005
cluster_1_2022-12-26,396.9303700000001
cluster_2_2022-12-26,572.6157699999999
cluster_3_2022-12-26,714.77311
cluster_4_2022-12-26,1109.3715800000007
cluster_1_2022-12-27,435.95640000000014
cluster_2_2022-12-27,614.2367099999999
cluster_3_2022-12-27,863.4917299999995
cluster_4_2022-12-27,1211.0344699999991
cluster_1_2022-12-28,391.0107399999997
cluster_2_2022-12-28,574.0299300000004
cluster_3_2022-12-28,798.25978
cluster_4_2022-12-28,1177.5754499999994
cluster_1_2022-12-29,387.3101000000001
cluster_2_2022-12-29,553.7266500000004
cluster_3_2022-12-29,768.5552300000002
cluster_4_2022-12-29,1084.7048000000002
cluster_1_2022-12-30,399.1099599999997
cluster_2_2022-12-30,575.45264
cluster_3_2022-12-30,773.3809400000002
cluster_4_2022-12-30,1154.8842900000006
cluster_1_2022-12-31,303.88556000000005
cluster_2_2022-12-31,486.48575999999986
cluster_3_2022-12-31,607.70173
cluster_4_2022-12-31,946.7709500000003
cluster_1_2023-01-01,346.03275000000014
cluster_2_2023-01-01,504.29524000000004
cluster_3_2023-01-01,613.9958200000005
cluster_4_2023-01-01,973.7294900000004
cluster_1_2023-01-02,403.9489699999998
cluster_2_2023-01-02,585.3402400000002
cluster_3_2023-01-02,788.9784600000004
cluster_4_2023-01-02,1141.1361600000002
cluster_1_2023-01-03,406.6423300000001
cluster_2_2023-01-03,615.8067000000001
cluster_3_2023-01-03,819.5138900000001
cluster_4_2023-01-03,1221.9038399999993
cluster_1_2023-01-04,405.59379000000007
cluster_2_2023-01-04,612.9174800000004
cluster_3_2023-01-04,863.4595000000002
cluster_4_2023-01-04,1225.3380999999995
cluster_1_2023-01-05,396.54475999999994
cluster_2_2023-01-05,612.26863
cluster_3_2023-01-05,786.5143800000001
cluster_4_2023-01-05,1181.8312100000003
cluster_1_2023-01-06,401.57237000000015
cluster_2_2023-01-06,610.5035600000002
cluster_3_2023-01-06,833.3772200000004
cluster_4_2023-01-06,1195.0783499999998
cluster_1_2023-01-07,368.50914000000006
cluster_2_2023-01-07,557.3495500000004
cluster_3_2023-01-07,766.7597099999998
cluster_4_2023-01-07,1097.34795
cluster_1_2023-01-08,363.9031999999999
cluster_2_2023-01-08,539.8932600000004
cluster_3_2023-01-08,745.8858200000002
cluster_4_2023-01-08,1071.5156
cluster_1_2023-01-09,448.28395000000006
cluster_2_2023-01-09,638.2758899999999
cluster_3_2023-01-09,849.7868300000002
cluster_4_2023-01-09,1245.3327899999992
cluster_1_2023-01-10,446.8890099999999
cluster_2_2023-01-10,637.6363399999997
cluster_3_2023-01-10,862.57009
cluster_4_2023-01-10,1247.9297499999996
cluster_1_2023-01-11,411.4669900000001
cluster_2_2023-01-11,621.94677
cluster_3_2023-01-11,841.4065800000003
cluster_4_2023-01-11,1214.5059300000003
cluster_1_2023-01-12,424.1414700000002
cluster_2_2023-01-12,620.01515
cluster_3_2023-01-12,837.9842400000002
cluster_4_2023-01-12,1278.5734899999998
cluster_1_2023-01-13,413.7653599999999
cluster_2_2023-01-13,624.5136099999996
cluster_3_2023-01-13,841.56839
cluster_4_2023-01-13,1198.8523800000003
cluster_1_2023-01-14,369.98788999999977
cluster_2_2023-01-14,554.2969300000001
cluster_3_2023-01-14,749.0155400000003
cluster_4_2023-01-14,1132.62709
cluster_1_2023-01-15,378.07595000000003
cluster_2_2023-01-15,570.9467100000003
cluster_3_2023-01-15,761.6896600000003
cluster_4_2023-01-15,1124.1580000000004
cluster_1_2023-01-16,475.23485000000005
cluster_2_2023-01-16,692.3285800000002
cluster_3_2023-01-16,885.9060299999996
cluster_4_2023-01-16,1283.78572
cluster_1_2023-01-17,498.99197
cluster_2_2023-01-17,751.1581099999999
cluster_3_2023-01-17,946.9916399999997
cluster_4_2023-01-17,1344.3624299999997
cluster_1_2023-01-18,499.15836
cluster_2_2023-01-18,752.5861399999999
cluster_3_2023-01-18,976.1585300000002
cluster_4_2023-01-18,1468.75923
cluster_1_2023-01-19,491.75297999999987
cluster_2_2023-01-19,737.4333299999997
cluster_3_2023-01-19,990.0995700000004
cluster_4_2023-01-19,1500.7561200000005
cluster_1_2023-01-20,485.4693200000001
cluster_2_2023-01-20,755.7022099999995
cluster_3_2023-01-20,999.7248900000003
cluster_4_2023-01-20,1438.46319
cluster_1_2023-01-21,481.3893299999999
cluster_2_2023-01-21,733.1757799999999
cluster_3_2023-01-21,947.8189500000001
cluster_4_2023-01-21,1366.8156600000011
cluster_1_2023-01-22,458.08266999999984
cluster_2_2023-01-22,746.1442499999998
cluster_3_2023-01-22,944.6225600000001
cluster_4_2023-01-22,1353.3527700000006
cluster_1_2023-01-23,503.8892899999999
cluster_2_2023-01-23,776.0047399999996
cluster_3_2023-01-23,994.2913699999997
cluster_4_2023-01-23,1460.1128900000008
cluster_1_2023-01-24,506.38296999999983
cluster_2_2023-01-24,771.24329
cluster_3_2023-01-24,920.3528299999998
cluster_4_2023-01-24,1432.9886599999998
cluster_1_2023-01-25,510.18210999999997
cluster_2_2023-01-25,792.1721599999993
cluster_3_2023-01-25,979.4179100000002
cluster_4_2023-01-25,1386.0850999999993
cluster_1_2023-01-26,491.44845999999967
cluster_2_2023-01-26,711.5768200000003
cluster_3_2023-01-26,1000.6638399999996
cluster_4_2023-01-26,1432.8435199999992
cluster_1_2023-01-27,469.2886000000001
cluster_2_2023-01-27,745.3589199999993
cluster_3_2023-01-27,1004.0122500000003
cluster_4_2023-01-27,1460.9179099999997
cluster_1_2023-01-28,481.78523999999993
cluster_2_2023-01-28,716.8418999999999
cluster_3_2023-01-28,931.7129900000003
cluster_4_2023-01-28,1348.02513
cluster_1_2023-01-29,474.6947999999999
cluster_2_2023-01-29,707.42633
cluster_3_2023-01-29,909.5363000000007
cluster_4_2023-01-29,1334.7966000000004
cluster_1_2023-01-30,463.3519299999997
cluster_2_2023-01-30,716.7939700000004
cluster_3_2023-01-30,993.1201300000002
cluster_4_2023-01-30,1413.907040000001
cluster_1_2023-01-31,473.08590999999996
cluster_2_2023-01-31,676.0288700000003
cluster_3_2023-01-31,931.2138500000007
cluster_4_2023-01-31,1336.8036399999996
cluster_1_2023-02-01,446.39582999999965
cluster_2_2023-02-01,666.9360900000003
cluster_3_2023-02-01,906.4667099999997
cluster_4_2023-02-01,1287.5808999999995
cluster_1_2023-02-02,447.00062999999994
cluster_2_2023-02-02,672.0538899999998
cluster_3_2023-02-02,849.2210800000007
cluster_4_2023-02-02,1279.8562999999997
cluster_1_2023-02-03,412.40823999999986
cluster_2_2023-02-03,687.9915900000001
cluster_3_2023-02-03,902.0376000000001
cluster_4_2023-02-03,1259.2736300000004
cluster_1_2023-02-04,382.5296799999998
cluster_2_2023-02-04,625.7944500000003
cluster_3_2023-02-04,803.4404400000001
cluster_4_2023-02-04,1145.663850000001
cluster_1_2023-02-05,383.71694
cluster_2_2023-02-05,571.6867700000003
cluster_3_2023-02-05,758.0671100000003
cluster_4_2023-02-05,1127.0787800000005
cluster_1_2023-02-06,465.7275800000002
cluster_2_2023-02-06,669.9256200000002
cluster_3_2023-02-06,906.6476299999998
cluster_4_2023-02-06,1356.40808
cluster_1_2023-02-07,481.5451299999999
cluster_2_2023-02-07,701.6265699999999
cluster_3_2023-02-07,989.2260500000001
cluster_4_2023-02-07,1365.1495899999998
cluster_1_2023-02-08,501.6200999999999
cluster_2_2023-02-08,716.5702699999998
cluster_3_2023-02-08,966.9605099999999
cluster_4_2023-02-08,1411.0507599999994
cluster_1_2023-02-09,492.66555000000017
cluster_2_2023-02-09,735.90751
cluster_3_2023-02-09,977.1486400000001
cluster_4_2023-02-09,1468.9032300000001
cluster_1_2023-02-10,469.66763999999984
cluster_2_2023-02-10,716.2029500000004
cluster_3_2023-02-10,977.0824700000006
cluster_4_2023-02-10,1395.5100100000002
cluster_1_2023-02-11,408.41176999999993
cluster_2_2023-02-11,622.13818
cluster_3_2023-02-11,879.5974100000001
cluster_4_2023-02-11,1235.4673800000005
cluster_1_2023-02-12,372.62771
cluster_2_2023-02-12,581.4334999999999
cluster_3_2023-02-12,835.87257
cluster_4_2023-02-12,1222.180640000001
cluster_1_2023-02-13,444.5475199999999
cluster_2_2023-02-13,681.3043799999997
cluster_3_2023-02-13,888.5796299999998
cluster_4_2023-02-13,1268.2362599999997
cluster_1_2023-02-14,445.8852900000001
cluster_2_2023-02-14,682.8245499999998
cluster_3_2023-02-14,919.8367000000003
cluster_4_2023-02-14,1268.3833099999995
cluster_1_2023-02-15,437.96793999999994
cluster_2_2023-02-15,673.2430599999993
cluster_3_2023-02-15,882.2232399999995
cluster_4_2023-02-15,1261.6163199999999
cluster_1_2023-02-16,425.1123399999997
cluster_2_2023-02-16,625.4310899999998
cluster_3_2023-02-16,891.1462799999999
cluster_4_2023-02-16,1251.38818
cluster_1_2023-02-17,394.4085600000002
cluster_2_2023-02-17,613.0886799999998
cluster_3_2023-02-17,829.0372500000003
cluster_4_2023-02-17,1193.93072
cluster_1_2023-02-18,354.7169599999999
cluster_2_2023-02-18,531.9727999999999
cluster_3_2023-02-18,726.36796
cluster_4_2023-02-18,1009.6470500000006
cluster_1_2023-02-19,355.60391000000004
cluster_2_2023-02-19,523.9384699999999
cluster_3_2023-02-19,720.6376599999998
cluster_4_2023-02-19,1071.0254
cluster_1_2023-02-20,412.0924699999999
cluster_2_2023-02-20,620.01796
cluster_3_2023-02-20,826.9490000000004
cluster_4_2023-02-20,1187.0749399999995
cluster_1_2023-02-21,420.3963299999999
cluster_2_2023-02-21,612.5439799999998
cluster_3_2023-02-21,825.8190699999999
cluster_4_2023-02-21,1195.48254
cluster_1_2023-02-22,430.1033200000001
cluster_2_2023-02-22,613.5404299999998
cluster_3_2023-02-22,867.5796699999997
cluster_4_2023-02-22,1197.7595999999999
cluster_1_2023-02-23,447.9950700000001
cluster_2_2023-02-23,603.58877
cluster_3_2023-02-23,836.3570500000001
cluster_4_2023-02-23,1166.0097000000005
cluster_1_2023-02-24,431.1550099999999
cluster_2_2023-02-24,661.4426999999996
cluster_3_2023-02-24,837.0027700000005
cluster_4_2023-02-24,1134.237460000001
cluster_1_2023-02-25,403.29311000000007
cluster_2_2023-02-25,615.5821400000001
cluster_3_2023-02-25,775.8017399999997
cluster_4_2023-02-25,1106.7616599999994
cluster_1_2023-02-26,432.04246999999987
cluster_2_2023-02-26,614.6274499999998
cluster_3_2023-02-26,910.5030000000006
cluster_4_2023-02-26,1338.8240099999998
cluster_1_2023-02-27,468.68316000000016
cluster_2_2023-02-27,736.0514599999999
cluster_3_2023-02-27,1027.3969600000007
cluster_4_2023-02-27,1427.6538000000003
cluster_1_2023-02-28,496.3676299999999
cluster_2_2023-02-28,737.3390499999997
cluster_3_2023-02-28,996.8359300000004
cluster_4_2023-02-28,1440.5993700000015
cluster_1_2023-03-01,467.95516000000003
cluster_2_2023-03-01,746.2447199999998
cluster_3_2023-03-01,943.3477799999997
cluster_4_2023-03-01,1377.01497
cluster_1_2023-03-02,442.73193999999995
cluster_2_2023-03-02,699.5226200000002
cluster_3_2023-03-02,887.2792899999996
cluster_4_2023-03-02,1306.9065600000006
cluster_1_2023-03-03,442.59074
cluster_2_2023-03-03,668.4625
cluster_3_2023-03-03,874.1248299999996
cluster_4_2023-03-03,1267.2356400000008
cluster_1_2023-03-04,442.60109000000006
cluster_2_2023-03-04,573.7263499999998
cluster_3_2023-03-04,767.8209699999996
cluster_4_2023-03-04,1120.3922500000006
cluster_1_2023-03-05,387.7874399999999
cluster_2_2023-03-05,563.6782999999999
cluster_3_2023-03-05,785.5445300000003
cluster_4_2023-03-05,1164.7081299999998
cluster_1_2023-03-06,439.91049999999996
cluster_2_2023-03-06,673.3913400000002
cluster_3_2023-03-06,874.0882899999997
cluster_4_2023-03-06,1234.1331499999992
cluster_1_2023-03-07,447.73761999999994
cluster_2_2023-03-07,631.5502799999999
cluster_3_2023-03-07,867.8111999999998
cluster_4_2023-03-07,1333.8292600000004
cluster_1_2023-03-08,400.15041
cluster_2_2023-03-08,556.6722200000003
cluster_3_2023-03-08,795.9869700000002
cluster_4_2023-03-08,1175.4110599999992
cluster_1_2023-03-09,373.3456800000003
cluster_2_2023-03-09,529.6864699999999
cluster_3_2023-03-09,701.3347000000001
cluster_4_2023-03-09,1074.7925800000007
cluster_1_2023-03-10,428.71211000000017
cluster_2_2023-03-10,600.9454999999999
cluster_3_2023-03-10,812.7825600000001
cluster_4_2023-03-10,1153.6974099999998
cluster_1_2023-03-11,374.23490000000015
cluster_2_2023-03-11,570.3142499999998
cluster_3_2023-03-11,744.1892399999998
cluster_4_2023-03-11,1110.3698100000006
cluster_1_2023-03-12,326.88998
cluster_2_2023-03-12,474.4028399999998
cluster_3_2023-03-12,711.67697
cluster_4_2023-03-12,975.8163200000001
cluster_1_2023-03-13,342.22704
cluster_2_2023-03-13,449.64878000000004
cluster_3_2023-03-13,636.4838100000001
cluster_4_2023-03-13,922.4871899999997
cluster_1_2023-03-14,408.29855999999995
cluster_2_2023-03-14,585.4199800000005
cluster_3_2023-03-14,761.5691999999996
cluster_4_2023-03-14,1140.3008699999998
cluster_1_2023-03-15,410.79599
cluster_2_2023-03-15,586.89175
cluster_3_2023-03-15,772.37533
cluster_4_2023-03-15,1203.905169999999
cluster_1_2023-03-16,368.1678100000003
cluster_2_2023-03-16,512.7197499999997
cluster_3_2023-03-16,732.2888499999995
cluster_4_2023-03-16,1124.0937200000005
cluster_1_2023-03-17,351.41855
cluster_2_2023-03-17,533.3453999999998
cluster_3_2023-03-17,719.99022
cluster_4_2023-03-17,1025.6424100000002
cluster_1_2023-03-18,321.47462000000013
cluster_2_2023-03-18,480.23344999999995
cluster_3_2023-03-18,641.7000499999996
cluster_4_2023-03-18,958.2805300000006
cluster_1_2023-03-19,330.17598999999973
cluster_2_2023-03-19,491.7702
cluster_3_2023-03-19,651.1584099999999
cluster_4_2023-03-19,947.6080800000003
cluster_1_2023-03-20,390.2224500000001
cluster_2_2023-03-20,569.6588299999997
cluster_3_2023-03-20,715.8582500000005
cluster_4_2023-03-20,1155.2494399999998
cluster_1_2023-03-21,322.12278999999967
cluster_2_2023-03-21,549.7821399999999
cluster_3_2023-03-21,737.5645200000004
cluster_4_2023-03-21,1086.2366999999997
cluster_1_2023-03-22,349.0767799999999
cluster_2_2023-03-22,519.7767699999997
cluster_3_2023-03-22,717.0426400000003
cluster_4_2023-03-22,1032.2126600000004
cluster_1_2023-03-23,326.16021999999987
cluster_2_2023-03-23,463.98786000000035
cluster_3_2023-03-23,624.27234
cluster_4_2023-03-23,971.2053999999995
cluster_1_2023-03-24,346.44369999999986
cluster_2_2023-03-24,515.52279
cluster_3_2023-03-24,722.0848900000003
cluster_4_2023-03-24,1024.92563
cluster_1_2023-03-25,324.40535999999963
cluster_2_2023-03-25,465.38856999999985
cluster_3_2023-03-25,640.2666499999996
cluster_4_2023-03-25,956.7488800000006
cluster_1_2023-03-26,334.2371499999998
cluster_2_2023-03-26,505.4062999999999
cluster_3_2023-03-26,626.1990999999996
cluster_4_2023-03-26,949.0065700000005
cluster_1_2023-03-27,391.1707699999998
cluster_2_2023-03-27,568.0023900000001
cluster_3_2023-03-27,729.6002999999997
cluster_4_2023-03-27,1169.5695699999999
cluster_1_2023-03-28,390.93321
cluster_2_2023-03-28,542.55863
cluster_3_2023-03-28,687.1145199999993
cluster_4_2023-03-28,1126.6637099999998
cluster_1_2023-03-29,324.4399300000001
cluster_2_2023-03-29,454.81191000000007
cluster_3_2023-03-29,623.9991599999998
cluster_4_2023-03-29,955.2919700000003
cluster_1_2023-03-30,331.14941000000016
cluster_2_2023-03-30,438.76651000000004
cluster_3_2023-03-30,630.3801599999997
cluster_4_2023-03-30,901.7516100000005
cluster_1_2023-03-31,356.18037999999996
cluster_2_2023-03-31,535.8536599999996
cluster_3_2023-03-31,689.2859199999998
cluster_4_2023-03-31,937.6792100000001
cluster_1_2023-04-01,314.4770699999998
cluster_2_2023-04-01,494.08678999999995
cluster_3_2023-04-01,619.3117499999995
cluster_4_2023-04-01,888.97659
cluster_1_2023-04-02,333.98729
cluster_2_2023-04-02,505.70123999999987
cluster_3_2023-04-02,619.5454299999998
cluster_4_2023-04-02,993.2506500000001
cluster_1_2023-04-03,355.5901799999999
cluster_2_2023-04-03,550.2665899999996
cluster_3_2023-04-03,691.21791
cluster_4_2023-04-03,1089.43253
cluster_1_2023-04-04,365.70342999999986
cluster_2_2023-04-04,541.0628099999998
cluster_3_2023-04-04,700.0495700000001
cluster_4_2023-04-04,1081.0936899999995
cluster_1_2023-04-05,362.95288999999997
cluster_2_2023-04-05,530.3655199999995
cluster_3_2023-04-05,719.95801
cluster_4_2023-04-05,1060.9883699999998
cluster_1_2023-04-06,363.34212000000014
cluster_2_2023-04-06,510.5041199999998
cluster_3_2023-04-06,698.2589199999999
cluster_4_2023-04-06,1062.37272
cluster_1_2023-04-07,351.7490000000003
cluster_2_2023-04-07,479.0973199999998
cluster_3_2023-04-07,702.83053
cluster_4_2023-04-07,1041.9291700000003
cluster_1_2023-04-08,318.37903999999975
cluster_2_2023-04-08,460.29520999999994
cluster_3_2023-04-08,624.4774599999995
cluster_4_2023-04-08,929.6999000000005
cluster_1_2023-04-09,277.74653
cluster_2_2023-04-09,404.6469699999998
cluster_3_2023-04-09,612.1718099999997
cluster_4_2023-04-09,889.3247499999998
cluster_1_2023-04-10,333.98696
cluster_2_2023-04-10,464.0657200000002
cluster_3_2023-04-10,687.2654799999996
cluster_4_2023-04-10,989.1474300000002
cluster_1_2023-04-11,349.48899000000006
cluster_2_2023-04-11,481.62170000000015
cluster_3_2023-04-11,630.19274
cluster_4_2023-04-11,1005.6944000000002
cluster_1_2023-04-12,345.6413600000003
cluster_2_2023-04-12,494.1499499999998
cluster_3_2023-04-12,681.6097200000003
cluster_4_2023-04-12,1021.3697899999997
cluster_1_2023-04-13,350.2361000000001
cluster_2_2023-04-13,543.0664300000001
cluster_3_2023-04-13,745.86678
cluster_4_2023-04-13,1077.60406
cluster_1_2023-04-14,370.7257000000002
cluster_2_2023-04-14,546.72032
cluster_3_2023-04-14,747.8085099999996
cluster_4_2023-04-14,1124.1614699999993
cluster_1_2023-04-15,295.1712199999999
cluster_2_2023-04-15,464.24146
cluster_3_2023-04-15,663.1239799999998
cluster_4_2023-04-15,905.3708500000007
cluster_1_2023-04-16,312.6026999999999
cluster_2_2023-04-16,455.52707999999984
cluster_3_2023-04-16,619.2565899999997
cluster_4_2023-04-16,926.7236200000002
cluster_1_2023-04-17,332.08485
cluster_2_2023-04-17,500.67084000000017
cluster_3_2023-04-17,656.03703
cluster_4_2023-04-17,1030.37281
cluster_1_2023-04-18,329.1570800000002
cluster_2_2023-04-18,473.2812599999999
cluster_3_2023-04-18,674.1089199999999
cluster_4_2023-04-18,982.88883
cluster_1_2023-04-19,321.57964999999996
cluster_2_2023-04-19,432.1946499999999
cluster_3_2023-04-19,655.7390199999999
cluster_4_2023-04-19,935.9711800000003
cluster_1_2023-04-20,343.1909300000002
cluster_2_2023-04-20,439.0992799999999
cluster_3_2023-04-20,667.4713199999995
cluster_4_2023-04-20,984.4881299999996
cluster_1_2023-04-21,341.36508000000026
cluster_2_2023-04-21,457.83307999999965
cluster_3_2023-04-21,660.4755899999997
cluster_4_2023-04-21,994.6831699999997
cluster_1_2023-04-22,289.97616
cluster_2_2023-04-22,445.1347099999998
cluster_3_2023-04-22,583.3002099999998
cluster_4_2023-04-22,883.8019199999997
cluster_1_2023-04-23,287.9016999999999
cluster_2_2023-04-23,394.78152999999986
cluster_3_2023-04-23,579.1953400000001
cluster_4_2023-04-23,839.94692
cluster_1_2023-04-24,312.18243
cluster_2_2023-04-24,470.51282999999995
cluster_3_2023-04-24,645.1919300000002
cluster_4_2023-04-24,954.6265000000002
cluster_1_2023-04-25,349.2401400000001
cluster_2_2023-04-25,514.5491000000001
cluster_3_2023-04-25,658.1821500000001
cluster_4_2023-04-25,977.2749200000002
cluster_1_2023-04-26,373.95406999999983
cluster_2_2023-04-26,496.6478299999999
cluster_3_2023-04-26,673.1345399999996
cluster_4_2023-04-26,969.67688
cluster_1_2023-04-27,315.3073700000001
cluster_2_2023-04-27,422.84193000000005
cluster_3_2023-04-27,644.6856399999997
cluster_4_2023-04-27,925.8229600000002
cluster_1_2023-04-28,274.8004099999998
cluster_2_2023-04-28,404.30253000000005
cluster_3_2023-04-28,609.3266400000002
cluster_4_2023-04-28,771.9032199999996
cluster_1_2023-04-29,278.29724999999996
cluster_2_2023-04-29,388.88851999999986
cluster_3_2023-04-29,542.49556
cluster_4_2023-04-29,829.8560700000002
cluster_1_2023-04-30,275.1768499999999
cluster_2_2023-04-30,404.81613000000004
cluster_3_2023-04-30,578.3687700000004
cluster_4_2023-04-30,832.39693
cluster_1_2023-05-01,302.0457399999998
cluster_2_2023-05-01,430.13485000000003
cluster_3_2023-05-01,609.8130400000003
cluster_4_2023-05-01,836.4696400000004
cluster_1_2023-05-02,306.39339000000007
cluster_2_2023-05-02,434.66815
cluster_3_2023-05-02,629.4524600000005
cluster_4_2023-05-02,915.0016800000003
cluster_1_2023-05-03,306.1362100000001
cluster_2_2023-05-03,425.11435999999975
cluster_3_2023-05-03,620.8950800000001
cluster_4_2023-05-03,836.3490399999996
cluster_1_2023-05-04,276.82793999999996
cluster_2_2023-05-04,407.0535800000001
cluster_3_2023-05-04,632.9732200000001
cluster_4_2023-05-04,775.81907
cluster_1_2023-05-05,271.89508999999964
cluster_2_2023-05-05,404.4186600000001
cluster_3_2023-05-05,608.1561000000003
cluster_4_2023-05-05,777.5941299999997
cluster_1_2023-05-06,244.48878000000016
cluster_2_2023-05-06,368.9483499999998
cluster_3_2023-05-06,537.5624700000003
cluster_4_2023-05-06,727.6219499999997
cluster_1_2023-05-07,234.10070000000013
cluster_2_2023-05-07,347.4617800000001
cluster_3_2023-05-07,518.94222
cluster_4_2023-05-07,780.0842800000001
cluster_1_2023-05-08,283.841
cluster_2_2023-05-08,415.32144000000005
cluster_3_2023-05-08,597.5535800000004
cluster_4_2023-05-08,778.5026099999999
cluster_1_2023-05-09,288.8658300000001
cluster_2_2023-05-09,416.08188000000024
cluster_3_2023-05-09,605.0455700000003
cluster_4_2023-05-09,777.08311
cluster_1_2023-05-10,305.4230999999999
cluster_2_2023-05-10,428.51694999999984
cluster_3_2023-05-10,623.1481200000001
cluster_4_2023-05-10,861.1034699999998
cluster_1_2023-05-11,304.59287000000006
cluster_2_2023-05-11,435.88780999999983
cluster_3_2023-05-11,616.9114899999998
cluster_4_2023-05-11,921.33313
cluster_1_2023-05-12,304.44388000000026
cluster_2_2023-05-12,431.7330799999998
cluster_3_2023-05-12,613.4648299999996
cluster_4_2023-05-12,891.4264800000003
cluster_1_2023-05-13,254.49278000000015
cluster_2_2023-05-13,376.62913999999995
cluster_3_2023-05-13,591.4219599999996
cluster_4_2023-05-13,800.0291800000005
cluster_1_2023-05-14,242.86620999999988
cluster_2_2023-05-14,360.59821999999986
cluster_3_2023-05-14,518.30945
cluster_4_2023-05-14,805.51672
cluster_1_2023-05-15,304.8550999999999
cluster_2_2023-05-15,421.37220999999977
cluster_3_2023-05-15,606.0826000000003
cluster_4_2023-05-15,898.51204
cluster_1_2023-05-16,320.0695300000002
cluster_2_2023-05-16,457.8391599999999
cluster_3_2023-05-16,618.2555699999998
cluster_4_2023-05-16,953.1813400000002
cluster_1_2023-05-17,315.69408
cluster_2_2023-05-17,456.24814999999995
cluster_3_2023-05-17,637.1014599999999
cluster_4_2023-05-17,949.1966600000001
cluster_1_2023-05-18,316.91688000000005
cluster_2_2023-05-18,450.89333999999997
cluster_3_2023-05-18,615.7731299999998
cluster_4_2023-05-18,939.09071
cluster_1_2023-05-19,311.53708
cluster_2_2023-05-19,442.51264000000003
cluster_3_2023-05-19,631.1950699999993
cluster_4_2023-05-19,907.8496000000004
cluster_1_2023-05-20,252.82535000000007
cluster_2_2023-05-20,387.80962
cluster_3_2023-05-20,542.5075299999999
cluster_4_2023-05-20,800.8533600000004
cluster_1_2023-05-21,231.8654600000001
cluster_2_2023-05-21,346.01595999999995
cluster_3_2023-05-21,517.78178
cluster_4_2023-05-21,713.15473
cluster_1_2023-05-22,272.93692
cluster_2_2023-05-22,412.56195999999994
cluster_3_2023-05-22,595.1728400000003
cluster_4_2023-05-22,832.3384400000002
cluster_1_2023-05-23,290.76585
cluster_2_2023-05-23,418.36629
cluster_3_2023-05-23,604.4628200000003
cluster_4_2023-05-23,848.7294299999993
cluster_1_2023-05-24,307.46065000000016
cluster_2_2023-05-24,435.04802999999987
cluster_3_2023-05-24,612.2916899999999
cluster_4_2023-05-24,916.7786499999995
cluster_1_2023-05-25,286.8290199999999
cluster_2_2023-05-25,421.3418999999998
cluster_3_2023-05-25,623.0485300000004
cluster_4_2023-05-25,859.8106299999993
cluster_1_2023-05-26,273.49919999999975
cluster_2_2023-05-26,405.71247999999997
cluster_3_2023-05-26,607.0987000000001
cluster_4_2023-05-26,843.0643999999994
cluster_1_2023-05-27,247.82044
cluster_2_2023-05-27,373.9634899999999
cluster_3_2023-05-27,543.4233800000006
cluster_4_2023-05-27,762.2210900000001
cluster_1_2023-05-28,230.88471
cluster_2_2023-05-28,355.58785999999986
cluster_3_2023-05-28,517.2747199999998
cluster_4_2023-05-28,724.56209
cluster_1_2023-05-29,280.2039999999998
cluster_2_2023-05-29,407.7448100000002
cluster_3_2023-05-29,592.84201
cluster_4_2023-05-29,838.4812999999996
cluster_1_2023-05-30,285.0563099999999
cluster_2_2023-05-30,411.4828899999999
cluster_3_2023-05-30,600.77015
cluster_4_2023-05-30,848.2219099999995
cluster_1_2023-05-31,284.22569999999985
cluster_2_2023-05-31,407.31472000000025
cluster_3_2023-05-31,606.1406699999999
cluster_4_2023-05-31,847.7260699999999
cluster_1_2023-06-01,291.6435500000002
cluster_2_2023-06-01,425.51446999999973
cluster_3_2023-06-01,601.6872199999995
cluster_4_2023-06-01,853.6753099999996
cluster_1_2023-06-02,291.17510000000004
cluster_2_2023-06-02,410.1294299999998
cluster_3_2023-06-02,594.6877799999999
cluster_4_2023-06-02,844.3294899999997
cluster_1_2023-06-03,246.7471999999999
cluster_2_2023-06-03,366.53222999999986
cluster_3_2023-06-03,560.4775800000002
cluster_4_2023-06-03,767.7569599999999
cluster_1_2023-06-04,227.59098999999986
cluster_2_2023-06-04,348.46660999999995
cluster_3_2023-06-04,521.88847
cluster_4_2023-06-04,725.5119
cluster_1_2023-06-05,276.70727999999986
cluster_2_2023-06-05,417.20724
cluster_3_2023-06-05,593.2421999999999
cluster_4_2023-06-05,852.9850399999995
cluster_1_2023-06-06,290.6909999999999
cluster_2_2023-06-06,430.3444399999995
cluster_3_2023-06-06,592.6029899999997
cluster_4_2023-06-06,856.9080399999993
cluster_1_2023-06-07,292.3882
cluster_2_2023-06-07,431.32445999999976
cluster_3_2023-06-07,612.50203
cluster_4_2023-06-07,868.4154699999996
cluster_1_2023-06-08,291.53784999999993
cluster_2_2023-06-08,427.43395999999984
cluster_3_2023-06-08,607.2134500000001
cluster_4_2023-06-08,866.9516799999999
cluster_1_2023-06-09,291.62816
cluster_2_2023-06-09,441.11831999999987
cluster_3_2023-06-09,615.76393
cluster_4_2023-06-09,863.2768700000001
cluster_1_2023-06-10,251.24827000000008
cluster_2_2023-06-10,389.3386300000002
cluster_3_2023-06-10,560.6534300000001
cluster_4_2023-06-10,761.9644699999994
cluster_1_2023-06-11,233.6682699999999
cluster_2_2023-06-11,362.44650999999976
cluster_3_2023-06-11,543.6705299999998
cluster_4_2023-06-11,722.7714
cluster_1_2023-06-12,277.8402199999998
cluster_2_2023-06-12,433.4765699999999
cluster_3_2023-06-12,605.8421300000002
cluster_4_2023-06-12,861.1377999999997
cluster_1_2023-06-13,293.38606000000004
cluster_2_2023-06-13,437.46052000000003
cluster_3_2023-06-13,610.6454100000001
cluster_4_2023-06-13,862.9057799999995
cluster_1_2023-06-14,286.19277999999974
cluster_2_2023-06-14,428.1641199999999
cluster_3_2023-06-14,605.0767699999997
cluster_4_2023-06-14,867.3104099999997
cluster_1_2023-06-15,290.57023
cluster_2_2023-06-15,428.3463399999999
cluster_3_2023-06-15,605.8989299999997
cluster_4_2023-06-15,868.3088499999998
cluster_1_2023-06-16,285.3488199999997
cluster_2_2023-06-16,429.96317999999997
cluster_3_2023-06-16,612.6920700000001
cluster_4_2023-06-16,871.57635
cluster_1_2023-06-17,249.8442000000001
cluster_2_2023-06-17,391.63488000000035
cluster_3_2023-06-17,561.04272
cluster_4_2023-06-17,772.3217099999995
cluster_1_2023-06-18,231.93153000000012
cluster_2_2023-06-18,365.5979499999999
cluster_3_2023-06-18,536.1408499999997
cluster_4_2023-06-18,729.0660000000004
cluster_1_2023-06-19,283.70778999999993
cluster_2_2023-06-19,418.1328899999999
cluster_3_2023-06-19,614.67554
cluster_4_2023-06-19,865.7560299999998
cluster_1_2023-06-20,291.59066999999993
cluster_2_2023-06-20,431.0632600000001
cluster_3_2023-06-20,622.20554
cluster_4_2023-06-20,885.1598100000011
cluster_1_2023-06-21,291.1598400000001
cluster_2_2023-06-21,428.31841999999995
cluster_3_2023-06-21,622.55563
cluster_4_2023-06-21,863.1877400000003
cluster_1_2023-06-22,286.0211600000002
cluster_2_2023-06-22,421.4809799999998
cluster_3_2023-06-22,621.54111
cluster_4_2023-06-22,863.6057200000006
cluster_1_2023-06-23,286.77695
cluster_2_2023-06-23,422.36210999999986
cluster_3_2023-06-23,611.59339
cluster_4_2023-06-23,866.76846
cluster_1_2023-06-24,250.43129000000005
cluster_2_2023-06-24,382.2079000000002
cluster_3_2023-06-24,565.9919400000001
cluster_4_2023-06-24,767.7593999999996
cluster_1_2023-06-25,235.4696599999999
cluster_2_2023-06-25,356.38130999999987
cluster_3_2023-06-25,537.0130199999996
cluster_4_2023-06-25,732.0646400000005
cluster_1_2023-06-26,281.40641
cluster_2_2023-06-26,417.60386000000005
cluster_3_2023-06-26,621.43701
cluster_4_2023-06-26,867.4305700000001
cluster_1_2023-06-27,289.34763999999967
cluster_2_2023-06-27,418.34990999999985
cluster_3_2023-06-27,617.4648200000001
cluster_4_2023-06-27,860.3569699999994
cluster_1_2023-06-28,288.34801999999996
cluster_2_2023-06-28,430.0040900000001
cluster_3_2023-06-28,622.0259600000002
cluster_4_2023-06-28,865.4093099999998
cluster_1_2023-06-29,288.15343999999993
cluster_2_2023-06-29,426.5616799999999
cluster_3_2023-06-29,614.7202800000002
cluster_4_2023-06-29,871.0149400000004
cluster_1_2023-06-30,288.3316499999998
cluster_2_2023-06-30,420.0066599999999
cluster_3_2023-06-30,615.6730699999998
cluster_4_2023-06-30,857.1614099999999
cluster_1_2023-07-01,246.42334999999989
cluster_2_2023-07-01,366.77036
cluster_3_2023-07-01,563.1697800000004
cluster_4_2023-07-01,757.6396000000003
cluster_1_2023-07-02,226.08872999999988
cluster_2_2023-07-02,350.95538
cluster_3_2023-07-02,547.6761699999998
cluster_4_2023-07-02,722.1849300000005
cluster_1_2023-07-03,280.55715999999995
cluster_2_2023-07-03,418.82021000000015
cluster_3_2023-07-03,601.9463
cluster_4_2023-07-03,847.99331
cluster_1_2023-07-04,289.4721600000001
cluster_2_2023-07-04,424.22796999999997
cluster_3_2023-07-04,622.1841200000001
cluster_4_2023-07-04,847.8518899999995
cluster_1_2023-07-05,291.27661000000006
cluster_2_2023-07-05,426.01345999999995
cluster_3_2023-07-05,620.15247
cluster_4_2023-07-05,856.9475799999996
cluster_1_2023-07-06,290.3756000000001
cluster_2_2023-07-06,432.1928799999997
cluster_3_2023-07-06,625.9638700000003
cluster_4_2023-07-06,862.7311299999996
cluster_1_2023-07-07,288.5961199999998
cluster_2_2023-07-07,449.12727999999953
cluster_3_2023-07-07,629.5364500000004
cluster_4_2023-07-07,866.7978800000002
cluster_1_2023-07-08,251.71687000000006
cluster_2_2023-07-08,405.9627200000001
cluster_3_2023-07-08,596.8163999999998
cluster_4_2023-07-08,765.3085099999995
cluster_1_2023-07-09,233.55853999999997
cluster_2_2023-07-09,374.60071000000005
cluster_3_2023-07-09,562.2295499999999
cluster_4_2023-07-09,728.9139400000001
cluster_1_2023-07-10,283.44474999999983
cluster_2_2023-07-10,444.0790199999995
cluster_3_2023-07-10,622.9955900000001
cluster_4_2023-07-10,871.4310900000007
cluster_1_2023-07-11,293.52822
cluster_2_2023-07-11,455.6005399999997
cluster_3_2023-07-11,635.3871299999997
cluster_4_2023-07-11,871.7181400000007
cluster_1_2023-07-12,290.03622
cluster_2_2023-07-12,426.3793299999998
cluster_3_2023-07-12,628.2842199999999
cluster_4_2023-07-12,845.5527400000001
cluster_1_2023-07-13,287.28472000000005
cluster_2_2023-07-13,416.01783999999975
cluster_3_2023-07-13,628.7279400000002
cluster_4_2023-07-13,848.7321700000003
cluster_1_2023-07-14,287.18438000000003
cluster_2_2023-07-14,450.77476
cluster_3_2023-07-14,640.3721799999998
cluster_4_2023-07-14,848.5939799999999
cluster_1_2023-07-15,247.80433000000002
cluster_2_2023-07-15,381.70982999999995
cluster_3_2023-07-15,585.3336599999998
cluster_4_2023-07-15,765.9394499999996
cluster_1_2023-07-16,228.41135999999992
cluster_2_2023-07-16,360.94604
cluster_3_2023-07-16,547.2273700000001
cluster_4_2023-07-16,720.27174
cluster_1_2023-07-17,280.45242999999994
cluster_2_2023-07-17,435.30328999999966
cluster_3_2023-07-17,620.1617000000003
cluster_4_2023-07-17,840.01023
cluster_1_2023-07-18,291.20693000000006
cluster_2_2023-07-18,453.06070999999974
cluster_3_2023-07-18,639.6231700000001
cluster_4_2023-07-18,859.2875000000003
cluster_1_2023-07-19,290.16553
cluster_2_2023-07-19,444.0118599999998
cluster_3_2023-07-19,639.9296899999997
cluster_4_2023-07-19,849.44673
cluster_1_2023-07-20,292.42508000000004
cluster_2_2023-07-20,441.4727399999998
cluster_3_2023-07-20,637.5934399999999
cluster_4_2023-07-20,834.7122299999999
cluster_1_2023-07-21,289.04925999999995
cluster_2_2023-07-21,420.17717
cluster_3_2023-07-21,635.9452100000004
cluster_4_2023-07-21,841.9022999999999
cluster_1_2023-07-22,249.84290000000001
cluster_2_2023-07-22,385.89043000000015
cluster_3_2023-07-22,579.8697500000003
cluster_4_2023-07-22,754.3206799999997
cluster_1_2023-07-23,230.57429000000005
cluster_2_2023-07-23,372.7252799999998
cluster_3_2023-07-23,542.30224
cluster_4_2023-07-23,726.2550700000002
cluster_1_2023-07-24,280.37602000000015
cluster_2_2023-07-24,421.1877500000001
cluster_3_2023-07-24,625.4131200000004
cluster_4_2023-07-24,834.1047300000001
cluster_1_2023-07-25,287.56478999999996
cluster_2_2023-07-25,425.1232000000002
cluster_3_2023-07-25,611.6312799999998
cluster_4_2023-07-25,829.3177500000005
cluster_1_2023-07-26,290.8969499999999
cluster_2_2023-07-26,426.61295000000007
cluster_3_2023-07-26,614.6219399999998
cluster_4_2023-07-26,820.8758100000008
cluster_1_2023-07-27,289.18642000000017
cluster_2_2023-07-27,438.97751999999986
cluster_3_2023-07-27,637.4349900000003
cluster_4_2023-07-27,818.7854699999996
cluster_1_2023-07-28,274.9068499999999
cluster_2_2023-07-28,435.52397000000013
cluster_3_2023-07-28,632.0071700000004
cluster_4_2023-07-28,821.6206099999998
cluster_1_2023-07-29,247.7681599999999
cluster_2_2023-07-29,387.90924000000007
cluster_3_2023-07-29,569.8720100000003
cluster_4_2023-07-29,733.7143599999997
cluster_1_2023-07-30,227.58083000000002
cluster_2_2023-07-30,356.5357000000001
cluster_3_2023-07-30,545.16042
cluster_4_2023-07-30,708.9701900000003
cluster_1_2023-07-31,280.67751
cluster_2_2023-07-31,422.35100999999986
cluster_3_2023-07-31,592.4661500000003
cluster_4_2023-07-31,806.0285399999995
cluster_1_2023-08-01,264.30474000000004
cluster_2_2023-08-01,414.93278
cluster_3_2023-08-01,606.5859900000003
cluster_4_2023-08-01,812.8766299999995
cluster_1_2023-08-02,265.50669
cluster_2_2023-08-02,422.23422999999985
cluster_3_2023-08-02,594.3545099999999
cluster_4_2023-08-02,813.9268099999997
cluster_1_2023-08-03,268.0728600000001
cluster_2_2023-08-03,405.97474999999974
cluster_3_2023-08-03,592.9477699999999
cluster_4_2023-08-03,753.4092700000004
cluster_1_2023-08-04,263.9137200000002
cluster_2_2023-08-04,396.4754999999998
cluster_3_2023-08-04,587.3450599999998
cluster_4_2023-08-04,749.00249
cluster_1_2023-08-05,235.08660999999978
cluster_2_2023-08-05,361.20486999999974
cluster_3_2023-08-05,552.2702999999999
cluster_4_2023-08-05,717.2004299999994
cluster_1_2023-08-06,221.61101999999985
cluster_2_2023-08-06,340.41198999999995
cluster_3_2023-08-06,516.7958999999998
cluster_4_2023-08-06,676.1485700000001
cluster_1_2023-08-07,251.93081999999993
cluster_2_2023-08-07,403.26024999999987
cluster_3_2023-08-07,583.1226400000005
cluster_4_2023-08-07,743.7009899999996
cluster_1_2023-08-08,260.66204
cluster_2_2023-08-08,400.61162999999993
cluster_3_2023-08-08,583.5346600000003
cluster_4_2023-08-08,749.07279
cluster_1_2023-08-09,263.71069999999986
cluster_2_2023-08-09,416.0120299999999
cluster_3_2023-08-09,592.1945000000003
cluster_4_2023-08-09,749.54391
cluster_1_2023-08-10,265.65444999999994
cluster_2_2023-08-10,413.15142999999983
cluster_3_2023-08-10,595.6000000000001
cluster_4_2023-08-10,747.3028200000007
cluster_1_2023-08-11,265.0598999999998
cluster_2_2023-08-11,417.71049000000016
cluster_3_2023-08-11,595.1472500000003
cluster_4_2023-08-11,768.3246600000001
cluster_1_2023-08-12,233.64020999999985
cluster_2_2023-08-12,390.24471
cluster_3_2023-08-12,556.14362
cluster_4_2023-08-12,726.19147
cluster_1_2023-08-13,223.12265000000002
cluster_2_2023-08-13,368.0657699999998
cluster_3_2023-08-13,537.1570499999999
cluster_4_2023-08-13,690.9135100000005
cluster_1_2023-08-14,250.15707999999987
cluster_2_2023-08-14,411.35782
cluster_3_2023-08-14,602.3861399999995
cluster_4_2023-08-14,756.0963800000001
cluster_1_2023-08-15,250.60708
cluster_2_2023-08-15,412.27185000000026
cluster_3_2023-08-15,597.3612799999996
cluster_4_2023-08-15,762.7219599999999
cluster_1_2023-08-16,253.66457999999994
cluster_2_2023-08-16,404.2995299999997
cluster_3_2023-08-16,601.0393799999997
cluster_4_2023-08-16,761.9998100000001
cluster_1_2023-08-17,267.5227999999999
cluster_2_2023-08-17,418.4071600000002
cluster_3_2023-08-17,606.7637699999997
cluster_4_2023-08-17,770.0100700000002
cluster_1_2023-08-18,268.3943499999999
cluster_2_2023-08-18,421.10184000000015
cluster_3_2023-08-18,609.73117
cluster_4_2023-08-18,772.9261300000002
cluster_1_2023-08-19,238.78336999999996
cluster_2_2023-08-19,383.3220200000003
cluster_3_2023-08-19,577.6071899999997
cluster_4_2023-08-19,726.5934699999997
cluster_1_2023-08-20,229.31451000000013
cluster_2_2023-08-20,378.4697199999997
cluster_3_2023-08-20,552.20318
cluster_4_2023-08-20,700.5749300000004
cluster_1_2023-08-21,268.5805800000001
cluster_2_2023-08-21,420.01556000000005
cluster_3_2023-08-21,615.7916300000003
cluster_4_2023-08-21,773.65519
cluster_1_2023-08-22,281.2208399999998
cluster_2_2023-08-22,429.69431999999995
cluster_3_2023-08-22,622.3720400000003
cluster_4_2023-08-22,782.78937
cluster_1_2023-08-23,285.98931999999974
cluster_2_2023-08-23,432.5640399999998
cluster_3_2023-08-23,621.87954
cluster_4_2023-08-23,787.9558700000001
cluster_1_2023-08-24,281.69256000000007
cluster_2_2023-08-24,432.4761299999999
cluster_3_2023-08-24,620.9837700000006
cluster_4_2023-08-24,795.1144100000002
cluster_1_2023-08-25,283.11303999999996
cluster_2_2023-08-25,428.96338999999983
cluster_3_2023-08-25,617.74305
cluster_4_2023-08-25,799.25356
cluster_1_2023-08-26,244.39408000000006
cluster_2_2023-08-26,365.4185699999998
cluster_3_2023-08-26,568.65767
cluster_4_2023-08-26,733.9917799999998
cluster_1_2023-08-27,226.9224900000001
cluster_2_2023-08-27,348.51892
cluster_3_2023-08-27,524.1522499999996
cluster_4_2023-08-27,706.4678699999997
cluster_1_2023-08-28,278.81861000000026
cluster_2_2023-08-28,413.3753700000002
cluster_3_2023-08-28,598.8646500000004
cluster_4_2023-08-28,807.2535999999996
cluster_1_2023-08-29,288.8019000000002
cluster_2_2023-08-29,421.31293
cluster_3_2023-08-29,605.9938700000002
cluster_4_2023-08-29,817.0681299999997
cluster_1_2023-08-30,288.1897800000002
cluster_2_2023-08-30,422.1256000000002
cluster_3_2023-08-30,612.68589
cluster_4_2023-08-30,814.2808299999996
cluster_1_2023-08-31,290.4296800000001
cluster_2_2023-08-31,426.26112000000023
cluster_3_2023-08-31,616.9518400000004
cluster_4_2023-08-31,821.6129899999999
cluster_1_2023-09-01,289.6398099999999
cluster_2_2023-09-01,433.4895099999997
cluster_3_2023-09-01,619.8301900000005
cluster_4_2023-09-01,845.9381700000001
cluster_1_2023-09-02,251.1074899999999
cluster_2_2023-09-02,380.64245999999997
cluster_3_2023-09-02,566.8864300000001
cluster_4_2023-09-02,758.9359000000003
cluster_1_2023-09-03,233.15339000000017
cluster_2_2023-09-03,361.46733999999975
cluster_3_2023-09-03,536.97798
cluster_4_2023-09-03,734.3141600000006
cluster_1_2023-09-04,289.5366599999999
cluster_2_2023-09-04,433.7675199999999
cluster_3_2023-09-04,613.3310300000003
cluster_4_2023-09-04,860.6492599999998
cluster_1_2023-09-05,298.8169699999999
cluster_2_2023-09-05,437.92456000000004
cluster_3_2023-09-05,625.32163
cluster_4_2023-09-05,870.8071700000002
cluster_1_2023-09-06,299.6933099999999
cluster_2_2023-09-06,441.8307500000002
cluster_3_2023-09-06,622.7211899999998
cluster_4_2023-09-06,875.1389800000004
cluster_1_2023-09-07,299.14806999999985
cluster_2_2023-09-07,439.20149000000015
cluster_3_2023-09-07,622.6834999999996
cluster_4_2023-09-07,876.2848900000001
cluster_1_2023-09-08,295.0605300000001
cluster_2_2023-09-08,438.83725
cluster_3_2023-09-08,623.4052900000003
cluster_4_2023-09-08,873.8663600000001
cluster_1_2023-09-09,254.36875
cluster_2_2023-09-09,396.17967
cluster_3_2023-09-09,582.2686200000004
cluster_4_2023-09-09,762.6166600000004
cluster_1_2023-09-10,233.8589500000001
cluster_2_2023-09-10,367.30287999999985
cluster_3_2023-09-10,540.2962100000001
cluster_4_2023-09-10,737.6752000000005
cluster_1_2023-09-11,286.24982000000006
cluster_2_2023-09-11,431.70645000000013
cluster_3_2023-09-11,615.5972400000009
cluster_4_2023-09-11,871.9022500000002
cluster_1_2023-09-12,295.45634000000007
cluster_2_2023-09-12,426.31762999999984
cluster_3_2023-09-12,622.9010600000007
cluster_4_2023-09-12,878.8112299999998
cluster_1_2023-09-13,295.44230000000005
cluster_2_2023-09-13,427.5667099999999
cluster_3_2023-09-13,624.1535300000007
cluster_4_2023-09-13,869.6651199999999
cluster_1_2023-09-14,294.42156
cluster_2_2023-09-14,430.31443
cluster_3_2023-09-14,619.6743800000005
cluster_4_2023-09-14,867.9540199999999
cluster_1_2023-09-15,292.5702200000003
cluster_2_2023-09-15,433.3623099999999
cluster_3_2023-09-15,622.3017700000001
cluster_4_2023-09-15,863.0342699999998
cluster_1_2023-09-16,250.6537999999999
cluster_2_2023-09-16,379.33775999999983
cluster_3_2023-09-16,566.9879999999998
cluster_4_2023-09-16,772.7083399999996
cluster_1_2023-09-17,233.81250000000009
cluster_2_2023-09-17,358.39569000000006
cluster_3_2023-09-17,541.6156900000001
cluster_4_2023-09-17,737.1473900000004
cluster_1_2023-09-18,285.33374000000015
cluster_2_2023-09-18,421.14541
cluster_3_2023-09-18,613.6754400000005
cluster_4_2023-09-18,863.2061499999992
cluster_1_2023-09-19,295.40002999999996
cluster_2_2023-09-19,426.6880400000004
cluster_3_2023-09-19,613.7933800000005
cluster_4_2023-09-19,868.4341800000001
cluster_1_2023-09-20,295.6362800000001
cluster_2_2023-09-20,430.9006000000001
cluster_3_2023-09-20,615.9513400000005
cluster_4_2023-09-20,867.2905699999999
cluster_1_2023-09-21,296.67962000000006
cluster_2_2023-09-21,432.5090699999999
cluster_3_2023-09-21,618.9806700000006
cluster_4_2023-09-21,868.9359300000002
cluster_1_2023-09-22,301.0827200000001
cluster_2_2023-09-22,429.09606000000014
cluster_3_2023-09-22,610.6192900000004
cluster_4_2023-09-22,868.7567200000003
cluster_1_2023-09-23,264.64233
cluster_2_2023-09-23,376.7900200000001
cluster_3_2023-09-23,559.5494899999999
cluster_4_2023-09-23,847.2786200000003
cluster_1_2023-09-24,236.60827
cluster_2_2023-09-24,361.56852000000003
cluster_3_2023-09-24,538.4979799999996
cluster_4_2023-09-24,799.53448
cluster_1_2023-09-25,286.24140000000006
cluster_2_2023-09-25,419.2786300000002
cluster_3_2023-09-25,589.0711400000004
cluster_4_2023-09-25,874.2439999999997
cluster_1_2023-09-26,295.75106000000005
cluster_2_2023-09-26,426.5663100000001
cluster_3_2023-09-26,614.1578
cluster_4_2023-09-26,869.80213
cluster_1_2023-09-27,296.65561
cluster_2_2023-09-27,429.76603999999986
cluster_3_2023-09-27,620.2691000000003
cluster_4_2023-09-27,873.9900099999998
cluster_1_2023-09-28,297.74962
cluster_2_2023-09-28,434.7393299999999
cluster_3_2023-09-28,621.3600500000007
cluster_4_2023-09-28,875.5377299999997
cluster_1_2023-09-29,299.34729
cluster_2_2023-09-29,430.4652200000001
cluster_3_2023-09-29,623.9694000000006
cluster_4_2023-09-29,871.4460199999995
cluster_1_2023-09-30,258.22513999999984
cluster_2_2023-09-30,379.0510699999995
cluster_3_2023-09-30,566.06396
cluster_4_2023-09-30,794.6692199999993
cluster_1_2023-10-01,245.24741000000006
cluster_2_2023-10-01,363.54742
cluster_3_2023-10-01,528.7222899999996
cluster_4_2023-10-01,766.4399500000003
cluster_1_2023-10-02,303.01916999999975
cluster_2_2023-10-02,429.29663
cluster_3_2023-10-02,622.8705700000008
cluster_4_2023-10-02,922.2875799999997
cluster_1_2023-10-03,310.6966499999998
cluster_2_2023-10-03,435.36198999999993
cluster_3_2023-10-03,635.7751400000006
cluster_4_2023-10-03,929.5161499999999
cluster_1_2023-10-04,315.7580400000001
cluster_2_2023-10-04,442.6264800000001
cluster_3_2023-10-04,635.8112300000005
cluster_4_2023-10-04,942.9591100000004
cluster_1_2023-10-05,313.7338099999999
cluster_2_2023-10-05,447.91502999999994
cluster_3_2023-10-05,639.4606500000006
cluster_4_2023-10-05,946.1104400000003
cluster_1_2023-10-06,309.7085099999999
cluster_2_2023-10-06,447.43791000000004
cluster_3_2023-10-06,642.4278800000006
cluster_4_2023-10-06,939.6857200000004
cluster_1_2023-10-07,258.45866999999964
cluster_2_2023-10-07,380.8415799999998
cluster_3_2023-10-07,572.9220999999999
cluster_4_2023-10-07,803.9931599999998
cluster_1_2023-10-08,248.70660000000007
cluster_2_2023-10-08,365.22629999999975
cluster_3_2023-10-08,537.6090299999997
cluster_4_2023-10-08,770.7988300000002
cluster_1_2023-10-09,306.79862999999995
cluster_2_2023-10-09,443.5823999999998
cluster_3_2023-10-09,644.4469100000005
cluster_4_2023-10-09,936.7490899999998
cluster_1_2023-10-10,308.71633999999983
cluster_2_2023-10-10,450.12150000000014
cluster_3_2023-10-10,651.8341400000004
cluster_4_2023-10-10,941.7697199999996
cluster_1_2023-10-11,308.36879999999985
cluster_2_2023-10-11,450.8101200000001
cluster_3_2023-10-11,651.9330300000004
cluster_4_2023-10-11,940.4587699999996
cluster_1_2023-10-12,321.84966999999983
cluster_2_2023-10-12,450.5263800000001
cluster_3_2023-10-12,653.7166500000002
cluster_4_2023-10-12,942.3370199999999
cluster_1_2023-10-13,311.9039399999998
cluster_2_2023-10-13,449.7338400000001
cluster_3_2023-10-13,649.7981400000003
cluster_4_2023-10-13,935.05619
cluster_1_2023-10-14,273.2402100000001
cluster_2_2023-10-14,391.41456000000005
cluster_3_2023-10-14,576.44398
cluster_4_2023-10-14,812.12448
cluster_1_2023-10-15,320.5946
cluster_2_2023-10-15,401.24066
cluster_3_2023-10-15,598.2908299999998
cluster_4_2023-10-15,870.6545799999997
cluster_1_2023-10-16,375.4352700000001
cluster_2_2023-10-16,472.8303599999999
cluster_3_2023-10-16,679.7686000000003
cluster_4_2023-10-16,1010.4562699999998
cluster_1_2023-10-17,342.9779000000001
cluster_2_2023-10-17,462.35854000000006
cluster_3_2023-10-17,656.3471600000006
cluster_4_2023-10-17,1002.5384800000006
cluster_1_2023-10-18,323.08575999999994
cluster_2_2023-10-18,458.94427999999994
cluster_3_2023-10-18,670.9354499999998
cluster_4_2023-10-18,954.9161000000001
cluster_1_2023-10-19,321.45458999999994
cluster_2_2023-10-19,459.78972999999996
cluster_3_2023-10-19,658.1639300000002
cluster_4_2023-10-19,947.6325900000004
cluster_1_2023-10-20,321.5373300000001
cluster_2_2023-10-20,466.93659
cluster_3_2023-10-20,656.40894
cluster_4_2023-10-20,952.311700000001
cluster_1_2023-10-21,291.99313000000006
cluster_2_2023-10-21,421.15545
cluster_3_2023-10-21,597.8670700000001
cluster_4_2023-10-21,851.8094000000003
cluster_1_2023-10-22,279.27833000000015
cluster_2_2023-10-22,414.11386999999996
cluster_3_2023-10-22,597.2196900000004
cluster_4_2023-10-22,867.4399899999995
cluster_1_2023-10-23,350.8322199999998
cluster_2_2023-10-23,485.86379999999986
cluster_3_2023-10-23,685.0715300000002
cluster_4_2023-10-23,1005.0955500000005
cluster_1_2023-10-24,341.13618999999983
cluster_2_2023-10-24,480.8484199999998
cluster_3_2023-10-24,671.4811700000002
cluster_4_2023-10-24,996.1494499999997
cluster_1_2023-10-25,347.51944999999995
cluster_2_2023-10-25,496.0921299999998
cluster_3_2023-10-25,672.1786300000002
cluster_4_2023-10-25,967.1116400000008
cluster_1_2023-10-26,342.3132
cluster_2_2023-10-26,483.8198900000001
cluster_3_2023-10-26,671.6736799999999
cluster_4_2023-10-26,1012.2030099999996
cluster_1_2023-10-27,342.7234199999999
cluster_2_2023-10-27,490.6975799999997
cluster_3_2023-10-27,691.2178700000003
cluster_4_2023-10-27,971.7020300000007
cluster_1_2023-10-28,299.1596300000002
cluster_2_2023-10-28,426.3817300000001
cluster_3_2023-10-28,603.03383
cluster_4_2023-10-28,903.8538699999997
cluster_1_2023-10-29,294.3431800000002
cluster_2_2023-10-29,405.20336999999995
cluster_3_2023-10-29,577.5495599999996
cluster_4_2023-10-29,840.0361100000003
cluster_1_2023-10-30,349.2317599999999
cluster_2_2023-10-30,474.78515
cluster_3_2023-10-30,677.6149500000002
cluster_4_2023-10-30,1001.8314700000004
cluster_1_2023-10-31,349.16739
cluster_2_2023-10-31,490.0520599999997
cluster_3_2023-10-31,692.8787700000003
cluster_4_2023-10-31,1003.1437699999997
cluster_1_2023-11-01,345.92411
cluster_2_2023-11-01,488.3769400000001
cluster_3_2023-11-01,693.49873
cluster_4_2023-11-01,998.7345600000001
cluster_1_2023-11-02,373.19930000000016
cluster_2_2023-11-02,538.2005700000002
cluster_3_2023-11-02,693.2836000000002
cluster_4_2023-11-02,1044.0372599999996
cluster_1_2023-11-03,368.6834700000002
cluster_2_2023-11-03,572.23234
cluster_3_2023-11-03,803.5830900000002
cluster_4_2023-11-03,1120.9808499999997
cluster_1_2023-11-04,336.36035
cluster_2_2023-11-04,480.1333799999998
cluster_3_2023-11-04,669.5232800000001
cluster_4_2023-11-04,1024.05852
cluster_1_2023-11-05,315.78919
cluster_2_2023-11-05,430.1168
cluster_3_2023-11-05,632.1571899999999
cluster_4_2023-11-05,901.1048899999997
cluster_1_2023-11-06,366.35983000000016
cluster_2_2023-11-06,519.3898100000002
cluster_3_2023-11-06,730.10297
cluster_4_2023-11-06,1035.6561599999995
cluster_1_2023-11-07,369.44356000000016
cluster_2_2023-11-07,515.7820600000002
cluster_3_2023-11-07,774.3200100000001
cluster_4_2023-11-07,1086.794199999999
cluster_1_2023-11-08,384.7150800000001
cluster_2_2023-11-08,510.14865000000003
cluster_3_2023-11-08,765.96836
cluster_4_2023-11-08,1111.06383
cluster_1_2023-11-09,382.5938600000003
cluster_2_2023-11-09,543.9993400000004
cluster_3_2023-11-09,771.1939499999996
cluster_4_2023-11-09,1121.0053099999993
cluster_1_2023-11-10,401.32178000000016
cluster_2_2023-11-10,569.3483200000002
cluster_3_2023-11-10,768.5178399999999
cluster_4_2023-11-10,1052.5093000000004
cluster_1_2023-11-11,347.22265999999996
cluster_2_2023-11-11,525.5884800000001
cluster_3_2023-11-11,709.7613799999999
cluster_4_2023-11-11,1019.0215299999995
cluster_1_2023-11-12,341.8393900000003
cluster_2_2023-11-12,474.83565000000004
cluster_3_2023-11-12,699.1440199999998
cluster_4_2023-11-12,1005.6835800000002
cluster_1_2023-11-13,350.64793000000014
cluster_2_2023-11-13,496.47538000000014
cluster_3_2023-11-13,691.1950400000002
cluster_4_2023-11-13,987.6427000000007
cluster_1_2023-11-14,372.5549299999998
cluster_2_2023-11-14,492.01810000000006
cluster_3_2023-11-14,691.9536299999999
cluster_4_2023-11-14,965.6852500000007
cluster_1_2023-11-15,372.7892600000001
cluster_2_2023-11-15,517.81731
cluster_3_2023-11-15,693.9842900000002
cluster_4_2023-11-15,1031.3381999999997
cluster_1_2023-11-16,396.87129999999985
cluster_2_2023-11-16,536.2051500000005
cluster_3_2023-11-16,748.0821000000002
cluster_4_2023-11-16,1146.0320900000004
cluster_1_2023-11-17,398.43100999999996
cluster_2_2023-11-17,561.3918000000006
cluster_3_2023-11-17,793.0033299999997
cluster_4_2023-11-17,1154.8879799999997
cluster_1_2023-11-18,343.8641200000001
cluster_2_2023-11-18,483.08090000000004
cluster_3_2023-11-18,707.36443
cluster_4_2023-11-18,1043.1067799999994
cluster_1_2023-11-19,303.1905000000003
cluster_2_2023-11-19,464.4099600000001
cluster_3_2023-11-19,642.7623300000002
cluster_4_2023-11-19,996.3964899999999
cluster_1_2023-11-20,380.34684999999985
cluster_2_2023-11-20,534.7618300000006
cluster_3_2023-11-20,735.5664300000003
cluster_4_2023-11-20,1076.53489
cluster_1_2023-11-21,397.86318000000006
cluster_2_2023-11-21,559.6450700000008
cluster_3_2023-11-21,810.3807300000002
cluster_4_2023-11-21,1161.2377400000007
cluster_1_2023-11-22,412.52644000000015
cluster_2_2023-11-22,620.7127199999998
cluster_3_2023-11-22,842.0855399999996
cluster_4_2023-11-22,1236.13698
cluster_1_2023-11-23,405.22889
cluster_2_2023-11-23,633.9335699999996
cluster_3_2023-11-23,893.1137299999999
cluster_4_2023-11-23,1191.0911999999996
cluster_1_2023-11-24,414.36998
cluster_2_2023-11-24,614.8000900000002
cluster_3_2023-11-24,846.6280100000004
cluster_4_2023-11-24,1228.5974699999997
cluster_1_2023-11-25,379.36440999999996
cluster_2_2023-11-25,587.0386399999999
cluster_3_2023-11-25,804.7544100000002
cluster_4_2023-11-25,1163.0751599999999
cluster_1_2023-11-26,406.86354999999975
cluster_2_2023-11-26,595.0763500000004
cluster_3_2023-11-26,798.4581400000009
cluster_4_2023-11-26,1157.1434399999996
cluster_1_2023-11-27,435.40838999999994
cluster_2_2023-11-27,632.69237
cluster_3_2023-11-27,847.0256999999997
cluster_4_2023-11-27,1284.7768800000001
cluster_1_2023-11-28,459.19311999999996
cluster_2_2023-11-28,641.1373199999999
cluster_3_2023-11-28,894.99122
cluster_4_2023-11-28,1301.2569600000002
cluster_1_2023-11-29,465.70292
cluster_2_2023-11-29,637.2143500000003
cluster_3_2023-11-29,960.7254400000005
cluster_4_2023-11-29,1352.2978699999999
cluster_1_2023-11-30,481.65180999999967
cluster_2_2023-11-30,653.5449399999997
cluster_3_2023-11-30,861.8198800000001
cluster_4_2023-11-30,1277.95967
cluster_1_2023-12-01,497.34808000000004
cluster_2_2023-12-01,668.4090400000007
cluster_3_2023-12-01,851.1856399999998
cluster_4_2023-12-01,1310.13664
cluster_1_2023-12-02,485.05551999999994
cluster_2_2023-12-02,724.7607000000004
cluster_3_2023-12-02,926.3962100000001
cluster_4_2023-12-02,1348.015959999999
cluster_1_2023-12-03,427.4124300000001
cluster_2_2023-12-03,654.8249300000003
cluster_3_2023-12-03,916.5774799999999
cluster_4_2023-12-03,1346.94222
cluster_1_2023-12-04,470.9706599999999
cluster_2_2023-12-04,653.9615600000001
cluster_3_2023-12-04,957.3076900000003
cluster_4_2023-12-04,1349.8533599999996
cluster_1_2023-12-05,446.34403000000003
cluster_2_2023-12-05,647.2996699999999
cluster_3_2023-12-05,903.9898200000002
cluster_4_2023-12-05,1333.2779099999993
cluster_1_2023-12-06,474.74075999999985
cluster_2_2023-12-06,708.2496499999999
cluster_3_2023-12-06,929.9118000000001
cluster_4_2023-12-06,1345.3934299999999
cluster_1_2023-12-07,473.57423999999963
cluster_2_2023-12-07,679.9722700000004
cluster_3_2023-12-07,935.8878199999996
cluster_4_2023-12-07,1263.9204
cluster_1_2023-12-08,442.13325
cluster_2_2023-12-08,640.6742999999999
cluster_3_2023-12-08,887.472369999999
cluster_4_2023-12-08,1238.52
cluster_1_2023-12-09,362.2313099999999
cluster_2_2023-12-09,547.5233199999999
cluster_3_2023-12-09,762.38299
cluster_4_2023-12-09,1101.9042599999987
cluster_1_2023-12-10,349.3646500000003
cluster_2_2023-12-10,530.1148199999999
cluster_3_2023-12-10,728.53114
cluster_4_2023-12-10,1081.73302
cluster_1_2023-12-11,385.3392800000001
cluster_2_2023-12-11,525.7745000000004
cluster_3_2023-12-11,740.6640099999998
cluster_4_2023-12-11,1064.8703600000006
cluster_1_2023-12-12,388.8696999999998
cluster_2_2023-12-12,554.3182100000005
cluster_3_2023-12-12,713.0570600000002
cluster_4_2023-12-12,1072.2501800000005
cluster_1_2023-12-13,407.26390999999995
cluster_2_2023-12-13,602.4837200000001
cluster_3_2023-12-13,800.3592300000003
cluster_4_2023-12-13,1091.8136800000002
cluster_1_2023-12-14,443.04367999999994
cluster_2_2023-12-14,655.6521699999997
cluster_3_2023-12-14,857.1182100000004
cluster_4_2023-12-14,1229.5248499999996
cluster_1_2023-12-15,412.08824999999985
cluster_2_2023-12-15,646.0497899999998
cluster_3_2023-12-15,850.1558400000004
cluster_4_2023-12-15,1173.4229999999998
cluster_1_2023-12-16,400.70956999999987
cluster_2_2023-12-16,606.8096299999999
cluster_3_2023-12-16,788.8560799999997
cluster_4_2023-12-16,1105.7937400000008
cluster_1_2023-12-17,405.8084299999999
cluster_2_2023-12-17,606.4626000000001
cluster_3_2023-12-17,782.1138999999997
cluster_4_2023-12-17,1205.5868
cluster_1_2023-12-18,435.58185999999995
cluster_2_2023-12-18,654.2560699999999
cluster_3_2023-12-18,827.0429099999997
cluster_4_2023-12-18,1223.8833299999992
cluster_1_2023-12-19,441.54057
cluster_2_2023-12-19,673.6881100000002
cluster_3_2023-12-19,883.2558699999997
cluster_4_2023-12-19,1296.712769999999
cluster_1_2023-12-20,400.31748999999996
cluster_2_2023-12-20,616.7052400000003
cluster_3_2023-12-20,860.6029299999999
cluster_4_2023-12-20,1243.6405899999997
cluster_1_2023-12-21,390.14023999999984
cluster_2_2023-12-21,603.3881600000003
cluster_3_2023-12-21,808.8126600000003
cluster_4_2023-12-21,1137.579639999999
cluster_1_2023-12-22,389.04798000000005
cluster_2_2023-12-22,596.0146100000003
cluster_3_2023-12-22,766.1915299999997
cluster_4_2023-12-22,1145.8905400000003
cluster_1_2023-12-23,364.51502000000005
cluster_2_2023-12-23,538.5875100000003
cluster_3_2023-12-23,742.1770799999998
cluster_4_2023-12-23,1076.405119999999
cluster_1_2023-12-24,349.8559000000002
cluster_2_2023-12-24,525.28418
cluster_3_2023-12-24,717.2384400000001
cluster_4_2023-12-24,1104.1380100000006
cluster_1_2023-12-25,374.02570999999983
cluster_2_2023-12-25,567.5298099999998
cluster_3_2023-12-25,785.7406200000005
cluster_4_2023-12-25,1137.4318899999998
cluster_1_2023-12-26,382.9635200000001
cluster_2_2023-12-26,613.7754300000004
cluster_3_2023-12-26,807.2551600000003
cluster_4_2023-12-26,1131.330329999999
cluster_1_2023-12-27,389.7122999999998
cluster_2_2023-12-27,636.95601
cluster_3_2023-12-27,856.0118699999998
cluster_4_2023-12-27,1283.3255099999994
cluster_1_2023-12-28,382.9922199999999
cluster_2_2023-12-28,607.8759600000001
cluster_3_2023-12-28,815.4032100000003
cluster_4_2023-12-28,1156.29529
cluster_1_2023-12-29,387.0585699999999
cluster_2_2023-12-29,547.2474800000005
cluster_3_2023-12-29,769.5219799999999
cluster_4_2023-12-29,1160.2167600000005
cluster_1_2023-12-30,368.47093
cluster_2_2023-12-30,540.1059499999999
cluster_3_2023-12-30,746.6530400000001
cluster_4_2023-12-30,1135.53337
cluster_1_2023-12-31,365.08903999999995
cluster_2_2023-12-31,545.56655
cluster_3_2023-12-31,757.7138500000001
cluster_4_2023-12-31,1099.74242
cluster_1_2024-01-01,403.83901
cluster_2_2024-01-01,602.0836200000001
cluster_3_2024-01-01,814.8785300000004
cluster_4_2024-01-01,1177.5779599999994
cluster_1_2024-01-02,407.09481999999997
cluster_2_2024-01-02,609.5215600000005
cluster_3_2024-01-02,821.9922699999995
cluster_4_2024-01-02,1216.5115300000007
cluster_1_2024-01-03,404.4407800000001
cluster_2_2024-01-03,595.2114800000005
cluster_3_2024-01-03,792.40603
cluster_4_2024-01-03,1171.96853
cluster_1_2024-01-04,408.4269200000001
cluster_2_2024-01-04,586.9237300000002
cluster_3_2024-01-04,822.2093700000004
cluster_4_2024-01-04,1208.3305899999996
cluster_1_2024-01-05,442.49840000000006
cluster_2_2024-01-05,653.2237000000002
cluster_3_2024-01-05,842.9339600000005
cluster_4_2024-01-05,1236.3376799999996
cluster_1_2024-01-06,408.69931000000025
cluster_2_2024-01-06,638.4181199999997
cluster_3_2024-01-06,863.8817100000006
cluster_4_2024-01-06,1196.13128
cluster_1_2024-01-07,426.28396999999995
cluster_2_2024-01-07,693.8835600000001
cluster_3_2024-01-07,915.22671
cluster_4_2024-01-07,1208.1993000000004
cluster_1_2024-01-08,514.7488900000002
cluster_2_2024-01-08,787.5484699999998
cluster_3_2024-01-08,1058.7343299999995
cluster_4_2024-01-08,1498.4758300000003
cluster_1_2024-01-09,537.36719
cluster_2_2024-01-09,794.2241400000005
cluster_3_2024-01-09,1023.2142699999995
cluster_4_2024-01-09,1473.8143800000007
cluster_1_2024-01-10,528.0768599999999
cluster_2_2024-01-10,795.3089500000001
cluster_3_2024-01-10,1013.9851300000003
cluster_4_2024-01-10,1449.8812200000007
cluster_1_2024-01-11,505.6239700000002
cluster_2_2024-01-11,801.0704100000002
cluster_3_2024-01-11,1009.4763400000002
cluster_4_2024-01-11,1474.5897100000002
cluster_1_2024-01-12,506.4213599999998
cluster_2_2024-01-12,778.5557799999995
cluster_3_2024-01-12,1052.10711
cluster_4_2024-01-12,1475.6573
cluster_1_2024-01-13,510.67062999999996
cluster_2_2024-01-13,650.4464300000001
cluster_3_2024-01-13,898.061190000001
cluster_4_2024-01-13,1426.74174
cluster_1_2024-01-14,475.6266399999997
cluster_2_2024-01-14,598.8612299999998
cluster_3_2024-01-14,923.9416599999998
cluster_4_2024-01-14,1394.7063200000005
cluster_1_2024-01-15,496.3370300000001
cluster_2_2024-01-15,700.7323800000001
cluster_3_2024-01-15,922.2587799999998
cluster_4_2024-01-15,1457.0266000000006
cluster_1_2024-01-16,513.6187900000001
cluster_2_2024-01-16,703.8934100000001
cluster_3_2024-01-16,944.8897500000004
cluster_4_2024-01-16,1459.3154499999998
cluster_1_2024-01-17,513.9069000000002
cluster_2_2024-01-17,705.02815
cluster_3_2024-01-17,930.0232900000003
cluster_4_2024-01-17,1313.7757199999999
cluster_1_2024-01-18,503.88785999999993
cluster_2_2024-01-18,671.1368699999998
cluster_3_2024-01-18,880.3081699999993
cluster_4_2024-01-18,1302.20165
cluster_1_2024-01-19,510.5956500000001
cluster_2_2024-01-19,802.3406999999996
cluster_3_2024-01-19,946.6775100000004
cluster_4_2024-01-19,1494.5198099999998
cluster_1_2024-01-20,520.8385800000001
cluster_2_2024-01-20,733.2198800000002
cluster_3_2024-01-20,964.1809599999996
cluster_4_2024-01-20,1449.0712800000003
cluster_1_2024-01-21,416.3056199999999
cluster_2_2024-01-21,604.1587899999996
cluster_3_2024-01-21,920.6789200000001
cluster_4_2024-01-21,1307.0332700000006
cluster_1_2024-01-22,436.4488200000001
cluster_2_2024-01-22,604.1780299999998
cluster_3_2024-01-22,877.8803299999993
cluster_4_2024-01-22,1299.85649
cluster_1_2024-01-23,424.4818199999999
cluster_2_2024-01-23,625.6638999999993
cluster_3_2024-01-23,819.68005
cluster_4_2024-01-23,1257.22227
cluster_1_2024-01-24,399.1298500000004
cluster_2_2024-01-24,595.2206400000001
cluster_3_2024-01-24,782.7814999999995
cluster_4_2024-01-24,1222.43789
cluster_1_2024-01-25,409.69535000000013
cluster_2_2024-01-25,594.0673700000003
cluster_3_2024-01-25,767.9297199999997
cluster_4_2024-01-25,1222.9471599999995
cluster_1_2024-01-26,444.3061600000001
cluster_2_2024-01-26,641.52646
cluster_3_2024-01-26,794.8139399999997
cluster_4_2024-01-26,1222.07081
cluster_1_2024-01-27,424.0560700000001
cluster_2_2024-01-27,595.2365299999998
cluster_3_2024-01-27,779.9609700000002
cluster_4_2024-01-27,1224.5261199999995
cluster_1_2024-01-28,377.10041999999993
cluster_2_2024-01-28,571.20135
cluster_3_2024-01-28,751.6313800000003
cluster_4_2024-01-28,1120.8693300000002
cluster_1_2024-01-29,415.52961999999985
cluster_2_2024-01-29,597.0377899999999
cluster_3_2024-01-29,847.9014000000002
cluster_4_2024-01-29,1193.9982000000002
cluster_1_2024-01-30,413.03097
cluster_2_2024-01-30,582.9982400000001
cluster_3_2024-01-30,858.24782
cluster_4_2024-01-30,1220.9570499999998
cluster_1_2024-01-31,448.5445500000001
cluster_2_2024-01-31,617.8224199999999
cluster_3_2024-01-31,868.6387100000004
cluster_4_2024-01-31,1232.12351
cluster_1_2024-02-01,441.6714800000001
cluster_2_2024-02-01,618.7797900000004
cluster_3_2024-02-01,836.1657000000005
cluster_4_2024-02-01,1242.52547
cluster_1_2024-02-02,456.55593999999996
cluster_2_2024-02-02,611.7528200000002
cluster_3_2024-02-02,840.6888600000003
cluster_4_2024-02-02,1222.1277399999992
cluster_1_2024-02-03,369.38366999999994
cluster_2_2024-02-03,559.9641800000004
cluster_3_2024-02-03,764.6403899999999
cluster_4_2024-02-03,1155.540880000001
cluster_1_2024-02-04,345.8525600000001
cluster_2_2024-02-04,577.71342
cluster_3_2024-02-04,725.95696
cluster_4_2024-02-04,1105.4333000000004
cluster_1_2024-02-05,407.1263399999999
cluster_2_2024-02-05,650.5253599999998
cluster_3_2024-02-05,832.0723300000001
cluster_4_2024-02-05,1252.2636999999993
cluster_1_2024-02-06,415.0075500000001
cluster_2_2024-02-06,625.0358300000003
cluster_3_2024-02-06,863.6461299999996
cluster_4_2024-02-06,1274.4313599999996
cluster_1_2024-02-07,393.60615000000007
cluster_2_2024-02-07,625.1743599999996
cluster_3_2024-02-07,835.6728100000001
cluster_4_2024-02-07,1261.71492
cluster_1_2024-02-08,391.2092400000002
cluster_2_2024-02-08,586.8893200000002
cluster_3_2024-02-08,789.2764399999998
cluster_4_2024-02-08,1106.2075300000004
cluster_1_2024-02-09,386.1092200000002
cluster_2_2024-02-09,561.56192
cluster_3_2024-02-09,725.2218300000001
cluster_4_2024-02-09,1103.5538700000004
cluster_1_2024-02-10,369.41489999999976
cluster_2_2024-02-10,549.3759500000006
cluster_3_2024-02-10,753.6461500000004
cluster_4_2024-02-10,1147.0749500000002
cluster_1_2024-02-11,368.4709799999999
cluster_2_2024-02-11,563.0433600000001
cluster_3_2024-02-11,755.9854599999998
cluster_4_2024-02-11,1097.2670200000005
cluster_1_2024-02-12,438.04008999999996
cluster_2_2024-02-12,613.5546199999999
cluster_3_2024-02-12,850.5407799999999
cluster_4_2024-02-12,1247.3992299999998
cluster_1_2024-02-13,444.12735999999995
cluster_2_2024-02-13,618.2695699999995
cluster_3_2024-02-13,832.9053200000006
cluster_4_2024-02-13,1247.8245999999997
cluster_1_2024-02-14,384.6366800000001
cluster_2_2024-02-14,579.3769799999999
cluster_3_2024-02-14,775.21417
cluster_4_2024-02-14,1185.3628499999995
cluster_1_2024-02-15,357.50562000000014
cluster_2_2024-02-15,528.37365
cluster_3_2024-02-15,741.4169600000006
cluster_4_2024-02-15,1103.41087
cluster_1_2024-02-16,386.73766000000023
cluster_2_2024-02-16,567.8012200000001
cluster_3_2024-02-16,785.3308299999997
cluster_4_2024-02-16,1135.4261499999998
cluster_1_2024-02-17,339.4777
cluster_2_2024-02-17,550.6613600000005
cluster_3_2024-02-17,711.1215499999997
cluster_4_2024-02-17,1036.9123300000006
cluster_1_2024-02-18,353.08315999999996
cluster_2_2024-02-18,545.6257100000003
cluster_3_2024-02-18,720.31912
cluster_4_2024-02-18,1044.9952899999992
cluster_1_2024-02-19,396.10487
cluster_2_2024-02-19,594.2100799999997
cluster_3_2024-02-19,767.3643299999999
cluster_4_2024-02-19,1150.1070000000004
cluster_1_2024-02-20,414.8210499999999
cluster_2_2024-02-20,614.9591699999997
cluster_3_2024-02-20,823.7716700000003
cluster_4_2024-02-20,1198.01558
cluster_1_2024-02-21,416.34117999999995
cluster_2_2024-02-21,589.6394899999999
cluster_3_2024-02-21,837.13017
cluster_4_2024-02-21,1192.25733
cluster_1_2024-02-22,417.7073699999999
cluster_2_2024-02-22,613.0296
cluster_3_2024-02-22,786.4455599999994
cluster_4_2024-02-22,1167.9079600000002
cluster_1_2024-02-23,442.49153999999993
cluster_2_2024-02-23,648.3490800000001
cluster_3_2024-02-23,830.3043499999994
cluster_4_2024-02-23,1227.10893
cluster_1_2024-02-24,400.43352000000027
cluster_2_2024-02-24,603.8219999999997
cluster_3_2024-02-24,764.6516899999998
cluster_4_2024-02-24,1106.8014399999995
cluster_1_2024-02-25,383.0712500000001
cluster_2_2024-02-25,585.12564
cluster_3_2024-02-25,755.71858
cluster_4_2024-02-25,1113.9817100000007
cluster_1_2024-02-26,437.80460999999974
cluster_2_2024-02-26,598.7629199999996
cluster_3_2024-02-26,785.12846
cluster_4_2024-02-26,1164.41333
cluster_1_2024-02-27,431.9178600000001
cluster_2_2024-02-27,649.7085900000001
cluster_3_2024-02-27,809.8153999999996
cluster_4_2024-02-27,1227.9009099999996
cluster_1_2024-02-28,451.14146999999997
cluster_2_2024-02-28,655.7497199999999
cluster_3_2024-02-28,823.7447900000001
cluster_4_2024-02-28,1237.37215
cluster_1_2024-02-29,405.32543000000004
cluster_2_2024-02-29,616.0387199999999
cluster_3_2024-02-29,836.7512899999996
cluster_4_2024-02-29,1237.21494
cluster_1_2024-03-01,432.9245700000002
cluster_2_2024-03-01,587.50158
cluster_3_2024-03-01,827.1678000000002
cluster_4_2024-03-01,1144.8587499999996
cluster_1_2024-03-02,354.12014999999985
cluster_2_2024-03-02,518.1398000000002
cluster_3_2024-03-02,743.8079399999999
cluster_4_2024-03-02,1052.8750699999996
cluster_1_2024-03-03,367.9956300000002
cluster_2_2024-03-03,548.1730100000001
cluster_3_2024-03-03,729.1997000000001
cluster_4_2024-03-03,1098.2019900000005
cluster_1_2024-03-04,421.43688999999983
cluster_2_2024-03-04,620.4250100000002
cluster_3_2024-03-04,837.4513999999997
cluster_4_2024-03-04,1217.0207899999994
cluster_1_2024-03-05,436.71165999999977
cluster_2_2024-03-05,601.9346400000001
cluster_3_2024-03-05,798.4992700000004
cluster_4_2024-03-05,1183.8713200000002
cluster_1_2024-03-06,425.3203
cluster_2_2024-03-06,606.1180199999999
cluster_3_2024-03-06,806.6812800000004
cluster_4_2024-03-06,1224.8667899999991
cluster_1_2024-03-07,410.32057999999995
cluster_2_2024-03-07,581.78184
cluster_3_2024-03-07,786.5650099999999
cluster_4_2024-03-07,1196.3347699999993
cluster_1_2024-03-08,407.01700000000017
cluster_2_2024-03-08,586.0447
cluster_3_2024-03-08,855.1550199999995
cluster_4_2024-03-08,1210.7609799999996
cluster_1_2024-03-09,338.8791699999998
cluster_2_2024-03-09,504.56604000000016
cluster_3_2024-03-09,738.9809199999999
cluster_4_2024-03-09,1039.3359299999995
cluster_1_2024-03-10,349.35134999999997
cluster_2_2024-03-10,508.0882200000001
cluster_3_2024-03-10,737.1527600000002
cluster_4_2024-03-10,1013.2314199999997
cluster_1_2024-03-11,416.7577400000002
cluster_2_2024-03-11,591.0522200000003
cluster_3_2024-03-11,799.4592199999997
cluster_4_2024-03-11,1158.66998
cluster_1_2024-03-12,383.2954899999999
cluster_2_2024-03-12,552.20371
cluster_3_2024-03-12,773.9156199999999
cluster_4_2024-03-12,1154.1811699999992
cluster_1_2024-03-13,364.41491000000025
cluster_2_2024-03-13,554.83682
cluster_3_2024-03-13,728.9975199999999
cluster_4_2024-03-13,1100.2516500000004
cluster_1_2024-03-14,359.48913000000016
cluster_2_2024-03-14,512.9933899999999
cluster_3_2024-03-14,728.0778799999997
cluster_4_2024-03-14,1088.1832099999995
cluster_1_2024-03-15,353.04491
cluster_2_2024-03-15,448.4406000000001
cluster_3_2024-03-15,717.2859899999999
cluster_4_2024-03-15,1036.8827499999998
cluster_1_2024-03-16,323.5725700000001
cluster_2_2024-03-16,472.72760999999974
cluster_3_2024-03-16,646.2152499999995
cluster_4_2024-03-16,980.1334500000008
cluster_1_2024-03-17,312.55962000000005
cluster_2_2024-03-17,446.8555
cluster_3_2024-03-17,647.6398299999997
cluster_4_2024-03-17,973.4000600000005
cluster_1_2024-03-18,335.35015999999996
cluster_2_2024-03-18,489.80512999999996
cluster_3_2024-03-18,619.9428900000001
cluster_4_2024-03-18,983.4175600000002
cluster_1_2024-03-19,335.56161999999995
cluster_2_2024-03-19,474.8514700000002
cluster_3_2024-03-19,684.6489199999997
cluster_4_2024-03-19,1012.9552300000001
cluster_1_2024-03-20,328.23240999999996
cluster_2_2024-03-20,485.9178
cluster_3_2024-03-20,672.4335899999996
cluster_4_2024-03-20,984.5962300000006
cluster_1_2024-03-21,330.3565299999998
cluster_2_2024-03-21,458.4513300000001
cluster_3_2024-03-21,630.8543699999999
cluster_4_2024-03-21,912.6492399999998
cluster_1_2024-03-22,315.1511199999997
cluster_2_2024-03-22,438.02038999999985
cluster_3_2024-03-22,628.9801299999997
cluster_4_2024-03-22,913.3652999999999
cluster_1_2024-03-23,329.7070199999999
cluster_2_2024-03-23,496.6002499999997
cluster_3_2024-03-23,636.6758199999992
cluster_4_2024-03-23,961.6703500000002
cluster_1_2024-03-24,329.7985099999998
cluster_2_2024-03-24,511.11199999999985
cluster_3_2024-03-24,688.7550200000001
cluster_4_2024-03-24,1025.1751399999991
cluster_1_2024-03-25,387.05397000000005
cluster_2_2024-03-25,547.9895800000002
cluster_3_2024-03-25,714.6419699999994
cluster_4_2024-03-25,1124.5733999999993
cluster_1_2024-03-26,382.00426999999996
cluster_2_2024-03-26,573.0785000000003
cluster_3_2024-03-26,763.4277899999996
cluster_4_2024-03-26,1133.3044699999996
cluster_1_2024-03-27,393.39974000000007
cluster_2_2024-03-27,547.2219199999998
cluster_3_2024-03-27,766.1030899999998
cluster_4_2024-03-27,1118.1046599999995
cluster_1_2024-03-28,374.68538000000007
cluster_2_2024-03-28,510.5199899999999
cluster_3_2024-03-28,714.3094399999995
cluster_4_2024-03-28,1072.00751
cluster_1_2024-03-29,353.6507300000001
cluster_2_2024-03-29,478.52183999999994
cluster_3_2024-03-29,747.2083399999997
cluster_4_2024-03-29,980.7816300000003
cluster_1_2024-03-30,322.21572
cluster_2_2024-03-30,480.38714999999996
cluster_3_2024-03-30,642.8265899999997
cluster_4_2024-03-30,982.3016900000008
cluster_1_2024-03-31,313.4088399999999
cluster_2_2024-03-31,460.43589
cluster_3_2024-03-31,647.4432699999999
cluster_4_2024-03-31,957.4454800000005
cluster_1_2024-04-01,353.9033
cluster_2_2024-04-01,498.0529099999998
cluster_3_2024-04-01,697.7720600000004
cluster_4_2024-04-01,1025.1084799999994
cluster_1_2024-04-02,347.81401000000005
cluster_2_2024-04-02,490.60514999999975
cluster_3_2024-04-02,680.0720000000006
cluster_4_2024-04-02,1001.0992499999999
cluster_1_2024-04-03,333.67796000000004
cluster_2_2024-04-03,473.05461000000025
cluster_3_2024-04-03,683.7807500000001
cluster_4_2024-04-03,963.5582300000004
cluster_1_2024-04-04,313.55652
cluster_2_2024-04-04,425.81933000000004
cluster_3_2024-04-04,617.8284500000004
cluster_4_2024-04-04,898.6163700000001
cluster_1_2024-04-05,296.8822000000001
cluster_2_2024-04-05,419.41225000000014
cluster_3_2024-04-05,612.2486100000004
cluster_4_2024-04-05,861.5370300000001
cluster_1_2024-04-06,252.59464999999997
cluster_2_2024-04-06,368.7594699999999
cluster_3_2024-04-06,538.0197000000002
cluster_4_2024-04-06,744.5962099999998
cluster_1_2024-04-07,256.8585599999999
cluster_2_2024-04-07,379.07653
cluster_3_2024-04-07,529.3498799999999
cluster_4_2024-04-07,728.1869600000007
cluster_1_2024-04-08,290.59442
cluster_2_2024-04-08,418.8923800000001
cluster_3_2024-04-08,603.3104700000004
cluster_4_2024-04-08,826.4502999999995
cluster_1_2024-04-09,331.2542799999999
cluster_2_2024-04-09,501.5404400000001
cluster_3_2024-04-09,679.6190700000001
cluster_4_2024-04-09,963.9320999999999
cluster_1_2024-04-10,351.5086500000003
cluster_2_2024-04-10,543.3360699999998
cluster_3_2024-04-10,738.87955
cluster_4_2024-04-10,1020.6288400000003
cluster_1_2024-04-11,326.8447000000001
cluster_2_2024-04-11,483.64451
cluster_3_2024-04-11,692.32485
cluster_4_2024-04-11,1001.42659
cluster_1_2024-04-12,281.5222000000001
cluster_2_2024-04-12,420.38263000000006
cluster_3_2024-04-12,624.8765500000003
cluster_4_2024-04-12,838.02663
cluster_1_2024-04-13,246.96952999999993
cluster_2_2024-04-13,375.01281999999975
cluster_3_2024-04-13,545.5761100000003
cluster_4_2024-04-13,731.05088
cluster_1_2024-04-14,263.37072999999987
cluster_2_2024-04-14,366.0846199999998
cluster_3_2024-04-14,523.6143399999999
cluster_4_2024-04-14,737.8803500000004
cluster_1_2024-04-15,338.61046000000016
cluster_2_2024-04-15,478.8740399999998
cluster_3_2024-04-15,620.5766000000002
cluster_4_2024-04-15,820.5720299999998
cluster_1_2024-04-16,336.23755000000017
cluster_2_2024-04-16,534.3005999999999
cluster_3_2024-04-16,664.2565299999999
cluster_4_2024-04-16,1026.27901
cluster_1_2024-04-17,365.23808999999994
cluster_2_2024-04-17,528.67296
cluster_3_2024-04-17,741.3589800000005
cluster_4_2024-04-17,1035.4615800000001
cluster_1_2024-04-18,374.7595800000001
cluster_2_2024-04-18,536.8836299999999
cluster_3_2024-04-18,747.5686400000008
cluster_4_2024-04-18,1103.2878899999998
cluster_1_2024-04-19,353.7017700000002
cluster_2_2024-04-19,509.05455000000006
cluster_3_2024-04-19,681.3820699999998
cluster_4_2024-04-19,1073.3723599999998
cluster_1_2024-04-20,307.53894999999994
cluster_2_2024-04-20,444.61228000000017
cluster_3_2024-04-20,630.2782700000002
cluster_4_2024-04-20,990.7182599999998
cluster_1_2024-04-21,305.9327599999999
cluster_2_2024-04-21,463.1037000000002
cluster_3_2024-04-21,612.1394099999998
cluster_4_2024-04-21,957.7725299999994
cluster_1_2024-04-22,364.0846400000001
cluster_2_2024-04-22,540.13478
cluster_3_2024-04-22,735.35107
cluster_4_2024-04-22,1094.5625999999988
cluster_1_2024-04-23,372.25318999999996
cluster_2_2024-04-23,552.7009899999998
cluster_3_2024-04-23,746.0351700000006
cluster_4_2024-04-23,1086.6914599999986
cluster_1_2024-04-24,367.36209
cluster_2_2024-04-24,556.3953800000004
cluster_3_2024-04-24,745.9704099999998
cluster_4_2024-04-24,1122.2972699999998
cluster_1_2024-04-25,371.3787400000001
cluster_2_2024-04-25,526.4989
cluster_3_2024-04-25,739.5096199999998
cluster_4_2024-04-25,1116.7281800000003
cluster_1_2024-04-26,338.30604000000017
cluster_2_2024-04-26,471.4112300000003
cluster_3_2024-04-26,747.5105699999996
cluster_4_2024-04-26,998.6776
cluster_1_2024-04-27,282.96941999999996
cluster_2_2024-04-27,421.3656699999997
cluster_3_2024-04-27,628.4664499999996
cluster_4_2024-04-27,854.4674699999999
cluster_1_2024-04-28,279.4554499999999
cluster_2_2024-04-28,391.4172799999999
cluster_3_2024-04-28,604.0423
cluster_4_2024-04-28,852.46188
cluster_1_2024-04-29,315.63686
cluster_2_2024-04-29,471.6717999999998
cluster_3_2024-04-29,625.45037
cluster_4_2024-04-29,946.02468
